date,product_id,product_category,actual_sales,predicted_sales,absolute_error,percentage_error,phase
2024-10-01,12,Category_3,83,82,1,1.2,Phase 3
2024-10-01,19,Category_4,112,124,12,10.71,Phase 3
2024-10-01,18,Category_4,97,120,23,23.71,Phase 3
2024-10-01,17,Category_4,108,118,10,9.26,Phase 3
2024-10-01,16,Category_4,72,101,29,40.28,Phase 3
2024-10-01,15,Category_3,99,107,8,8.08,Phase 3
2024-10-01,14,Category_3,82,100,18,21.95,Phase 3
2024-10-01,13,Category_3,112,113,1,0.89,Phase 3
2024-10-01,11,Category_3,64,78,14,21.88,Phase 3
2024-10-01,20,Category_4,116,124,8,6.9,Phase 3
2024-10-01,9,Category_2,78,72,6,7.69,Phase 3
2024-10-01,1,Category_1,57,25,32,56.14,Phase 3
2024-10-01,2,Category_1,57,39,18,31.58,Phase 3
2024-10-01,3,Category_1,56,36,20,35.71,Phase 3
2024-10-01,4,Category_1,49,42,7,14.29,Phase 3
2024-10-01,10,Category_2,70,73,3,4.29,Phase 3
2024-10-01,6,Category_2,70,56,14,20.0,Phase 3
2024-10-01,7,Category_2,61,59,2,3.28,Phase 3
2024-10-01,8,Category_2,65,61,4,6.15,Phase 3
2024-10-01,5,Category_1,71,50,21,29.58,Phase 3
2024-10-02,12,Category_3,71,79,8,11.27,Phase 3
2024-10-02,20,Category_4,111,121,10,9.01,Phase 3
2024-10-02,19,Category_4,102,124,22,21.57,Phase 3
2024-10-02,18,Category_4,96,111,15,15.62,Phase 3
2024-10-02,17,Category_4,105,111,6,5.71,Phase 3
2024-10-02,16,Category_4,97,108,11,11.34,Phase 3
2024-10-02,15,Category_3,101,107,6,5.94,Phase 3
2024-10-02,14,Category_3,84,102,18,21.43,Phase 3
2024-10-02,13,Category_3,80,90,10,12.5,Phase 3
2024-10-02,11,Category_3,75,82,7,9.33,Phase 3
2024-10-02,10,Category_2,47,74,27,57.45,Phase 3
2024-10-02,9,Category_2,74,70,4,5.41,Phase 3
2024-10-02,2,Category_1,43,63,20,46.51,Phase 3
2024-10-02,3,Category_1,53,37,16,30.19,Phase 3
2024-10-02,4,Category_1,44,41,3,6.82,Phase 3
2024-10-02,1,Category_1,40,25,15,37.5,Phase 3
2024-10-02,6,Category_2,46,50,4,8.7,Phase 3
2024-10-02,7,Category_2,57,57,0,0.0,Phase 3
2024-10-02,8,Category_2,82,83,1,1.22,Phase 3
2024-10-02,5,Category_1,55,48,7,12.73,Phase 3
2024-10-03,12,Category_3,76,83,7,9.21,Phase 3
2024-10-03,19,Category_4,118,127,9,7.63,Phase 3
2024-10-03,18,Category_4,85,122,37,43.53,Phase 3
2024-10-03,17,Category_4,109,118,9,8.26,Phase 3
2024-10-03,16,Category_4,102,114,12,11.76,Phase 3
2024-10-03,15,Category_3,100,104,4,4.0,Phase 3
2024-10-03,14,Category_3,104,98,6,5.77,Phase 3
2024-10-03,13,Category_3,114,96,18,15.79,Phase 3
2024-10-03,11,Category_3,68,76,8,11.76,Phase 3
2024-10-03,20,Category_4,143,154,11,7.69,Phase 3
2024-10-03,9,Category_2,51,64,13,25.49,Phase 3
2024-10-03,1,Category_1,70,56,14,20.0,Phase 3
2024-10-03,2,Category_1,47,31,16,34.04,Phase 3
2024-10-03,3,Category_1,69,35,34,49.28,Phase 3
2024-10-03,4,Category_1,47,45,2,4.26,Phase 3
2024-10-03,10,Category_2,85,74,11,12.94,Phase 3
2024-10-03,6,Category_2,59,49,10,16.95,Phase 3
2024-10-03,7,Category_2,91,72,19,20.88,Phase 3
2024-10-03,8,Category_2,64,79,15,23.44,Phase 3
2024-10-03,5,Category_1,42,43,1,2.38,Phase 3
2024-10-04,12,Category_3,63,86,23,36.51,Phase 3
2024-10-04,19,Category_4,112,126,14,12.5,Phase 3
2024-10-04,18,Category_4,83,112,29,34.94,Phase 3
2024-10-04,17,Category_4,94,117,23,24.47,Phase 3
2024-10-04,16,Category_4,107,111,4,3.74,Phase 3
2024-10-04,15,Category_3,88,105,17,19.32,Phase 3
2024-10-04,14,Category_3,94,95,1,1.06,Phase 3
2024-10-04,13,Category_3,114,117,3,2.63,Phase 3
2024-10-04,11,Category_3,92,90,2,2.17,Phase 3
2024-10-04,20,Category_4,122,132,10,8.2,Phase 3
2024-10-04,9,Category_2,68,70,2,2.94,Phase 3
2024-10-04,1,Category_1,42,23,19,45.24,Phase 3
2024-10-04,2,Category_1,37,29,8,21.62,Phase 3
2024-10-04,3,Category_1,43,34,9,20.93,Phase 3
2024-10-04,4,Category_1,54,40,14,25.93,Phase 3
2024-10-04,10,Category_2,52,73,21,40.38,Phase 3
2024-10-04,6,Category_2,80,75,5,6.25,Phase 3
2024-10-04,7,Category_2,76,62,14,18.42,Phase 3
2024-10-04,8,Category_2,51,67,16,31.37,Phase 3
2024-10-04,5,Category_1,43,46,3,6.98,Phase 3
2024-10-05,11,Category_3,77,107,30,38.96,Phase 3
2024-10-05,19,Category_4,156,167,11,7.05,Phase 3
2024-10-05,18,Category_4,130,148,18,13.85,Phase 3
2024-10-05,17,Category_4,114,135,21,18.42,Phase 3
2024-10-05,16,Category_4,132,151,19,14.39,Phase 3
2024-10-05,15,Category_3,98,122,24,24.49,Phase 3
2024-10-05,14,Category_3,100,121,21,21.0,Phase 3
2024-10-05,13,Category_3,106,110,4,3.77,Phase 3
2024-10-05,12,Category_3,74,108,34,45.95,Phase 3
2024-10-05,20,Category_4,144,147,3,2.08,Phase 3
2024-10-05,10,Category_2,107,106,1,0.93,Phase 3
2024-10-05,8,Category_2,79,82,3,3.8,Phase 3
2024-10-05,7,Category_2,79,80,1,1.27,Phase 3
2024-10-05,6,Category_2,76,74,2,2.63,Phase 3
2024-10-05,5,Category_1,74,81,7,9.46,Phase 3
2024-10-05,4,Category_1,47,64,17,36.17,Phase 3
2024-10-05,3,Category_1,57,57,0,0.0,Phase 3
2024-10-05,2,Category_1,62,84,22,35.48,Phase 3
2024-10-05,1,Category_1,53,46,7,13.21,Phase 3
2024-10-05,9,Category_2,94,91,3,3.19,Phase 3
2024-10-06,13,Category_3,104,109,5,4.81,Phase 3
2024-10-06,14,Category_3,104,115,11,10.58,Phase 3
2024-10-06,15,Category_3,98,122,24,24.49,Phase 3
2024-10-06,12,Category_3,84,111,27,32.14,Phase 3
2024-10-06,17,Category_4,118,129,11,9.32,Phase 3
2024-10-06,18,Category_4,123,146,23,18.7,Phase 3
2024-10-06,19,Category_4,139,148,9,6.47,Phase 3
2024-10-06,16,Category_4,151,154,3,1.99,Phase 3
2024-10-06,11,Category_3,101,97,4,3.96,Phase 3
2024-10-06,20,Category_4,142,159,17,11.97,Phase 3
2024-10-06,9,Category_2,99,94,5,5.05,Phase 3
2024-10-06,1,Category_1,43,46,3,6.98,Phase 3
2024-10-06,2,Category_1,58,53,5,8.62,Phase 3
2024-10-06,3,Category_1,57,69,12,21.05,Phase 3
2024-10-06,4,Category_1,62,86,24,38.71,Phase 3
2024-10-06,10,Category_2,96,100,4,4.17,Phase 3
2024-10-06,6,Category_2,68,78,10,14.71,Phase 3
2024-10-06,7,Category_2,65,79,14,21.54,Phase 3
2024-10-06,8,Category_2,85,87,2,2.35,Phase 3
2024-10-06,5,Category_1,60,72,12,20.0,Phase 3
2024-10-07,20,Category_4,114,132,18,15.79,Phase 3
2024-10-07,19,Category_4,121,132,11,9.09,Phase 3
2024-10-07,18,Category_4,107,125,18,16.82,Phase 3
2024-10-07,17,Category_4,89,112,23,25.84,Phase 3
2024-10-07,16,Category_4,114,132,18,15.79,Phase 3
2024-10-07,15,Category_3,88,100,12,13.64,Phase 3
2024-10-07,14,Category_3,102,102,0,0.0,Phase 3
2024-10-07,12,Category_3,77,87,10,12.99,Phase 3
2024-10-07,11,Category_3,78,82,4,5.13,Phase 3
2024-10-07,13,Category_3,100,103,3,3.0,Phase 3
2024-10-07,9,Category_2,65,81,16,24.62,Phase 3
2024-10-07,10,Category_2,87,72,15,17.24,Phase 3
2024-10-07,2,Category_1,53,60,7,13.21,Phase 3
2024-10-07,3,Category_1,51,58,7,13.73,Phase 3
2024-10-07,4,Category_1,71,71,0,0.0,Phase 3
2024-10-07,1,Category_1,39,36,3,7.69,Phase 3
2024-10-07,6,Category_2,56,48,8,14.29,Phase 3
2024-10-07,7,Category_2,57,81,24,42.11,Phase 3
2024-10-07,8,Category_2,81,92,11,13.58,Phase 3
2024-10-07,5,Category_1,54,46,8,14.81,Phase 3
2024-10-08,12,Category_3,73,86,13,17.81,Phase 3
2024-10-08,20,Category_4,110,132,22,20.0,Phase 3
2024-10-08,19,Category_4,134,151,17,12.69,Phase 3
2024-10-08,18,Category_4,130,121,9,6.92,Phase 3
2024-10-08,17,Category_4,97,119,22,22.68,Phase 3
2024-10-08,16,Category_4,94,104,10,10.64,Phase 3
2024-10-08,15,Category_3,111,106,5,4.5,Phase 3
2024-10-08,14,Category_3,77,89,12,15.58,Phase 3
2024-10-08,11,Category_3,75,78,3,4.0,Phase 3
2024-10-08,13,Category_3,103,125,22,21.36,Phase 3
2024-10-08,9,Category_2,60,69,9,15.0,Phase 3
2024-10-08,2,Category_1,36,32,4,11.11,Phase 3
2024-10-08,3,Category_1,32,37,5,15.62,Phase 3
2024-10-08,4,Category_1,34,38,4,11.76,Phase 3
2024-10-08,5,Category_1,54,54,0,0.0,Phase 3
2024-10-08,1,Category_1,47,24,23,48.94,Phase 3
2024-10-08,7,Category_2,52,57,5,9.62,Phase 3
2024-10-08,8,Category_2,77,62,15,19.48,Phase 3
2024-10-08,6,Category_2,57,54,3,5.26,Phase 3
2024-10-08,10,Category_2,100,98,2,2.0,Phase 3
2024-10-09,20,Category_4,105,126,21,20.0,Phase 3
2024-10-09,11,Category_3,80,80,0,0.0,Phase 3
2024-10-09,19,Category_4,132,151,19,14.39,Phase 3
2024-10-09,18,Category_4,109,122,13,11.93,Phase 3
2024-10-09,17,Category_4,105,118,13,12.38,Phase 3
2024-10-09,16,Category_4,93,105,12,12.9,Phase 3
2024-10-09,15,Category_3,101,97,4,3.96,Phase 3
2024-10-09,14,Category_3,93,97,4,4.3,Phase 3
2024-10-09,13,Category_3,111,117,6,5.41,Phase 3
2024-10-09,12,Category_3,76,79,3,3.95,Phase 3
2024-10-09,10,Category_2,67,76,9,13.43,Phase 3
2024-10-09,8,Category_2,73,60,13,17.81,Phase 3
2024-10-09,7,Category_2,60,57,3,5.0,Phase 3
2024-10-09,6,Category_2,70,50,20,28.57,Phase 3
2024-10-09,5,Category_1,56,81,25,44.64,Phase 3
2024-10-09,4,Category_1,45,39,6,13.33,Phase 3
2024-10-09,3,Category_1,56,37,19,33.93,Phase 3
2024-10-09,2,Category_1,64,43,21,32.81,Phase 3
2024-10-09,1,Category_1,47,35,12,25.53,Phase 3
2024-10-09,9,Category_2,57,73,16,28.07,Phase 3
2024-10-10,13,Category_3,76,87,11,14.47,Phase 3
2024-10-10,14,Category_3,80,94,14,17.5,Phase 3
2024-10-10,15,Category_3,77,99,22,28.57,Phase 3
2024-10-10,12,Category_3,96,95,1,1.04,Phase 3
2024-10-10,17,Category_4,110,106,4,3.64,Phase 3
2024-10-10,18,Category_4,108,115,7,6.48,Phase 3
2024-10-10,19,Category_4,112,123,11,9.82,Phase 3
2024-10-10,16,Category_4,104,106,2,1.92,Phase 3
2024-10-10,11,Category_3,75,76,1,1.33,Phase 3
2024-10-10,20,Category_4,98,121,23,23.47,Phase 3
2024-10-10,9,Category_2,51,69,18,35.29,Phase 3
2024-10-10,1,Category_1,34,24,10,29.41,Phase 3
2024-10-10,2,Category_1,30,30,0,0.0,Phase 3
2024-10-10,3,Category_1,50,58,8,16.0,Phase 3
2024-10-10,4,Category_1,69,54,15,21.74,Phase 3
2024-10-10,10,Category_2,72,70,2,2.78,Phase 3
2024-10-10,6,Category_2,65,52,13,20.0,Phase 3
2024-10-10,7,Category_2,67,61,6,8.96,Phase 3
2024-10-10,8,Category_2,56,60,4,7.14,Phase 3
2024-10-10,5,Category_1,62,46,16,25.81,Phase 3
2024-10-11,12,Category_3,103,80,23,22.33,Phase 3
2024-10-11,20,Category_4,130,130,0,0.0,Phase 3
2024-10-11,19,Category_4,120,136,16,13.33,Phase 3
2024-10-11,18,Category_4,106,117,11,10.38,Phase 3
2024-10-11,17,Category_4,117,113,4,3.42,Phase 3
2024-10-11,16,Category_4,105,120,15,14.29,Phase 3
2024-10-11,15,Category_3,98,105,7,7.14,Phase 3
2024-10-11,14,Category_3,81,90,9,11.11,Phase 3
2024-10-11,13,Category_3,91,87,4,4.4,Phase 3
2024-10-11,11,Category_3,77,84,7,9.09,Phase 3
2024-10-11,3,Category_1,65,55,10,15.38,Phase 3
2024-10-11,9,Category_2,74,87,13,17.57,Phase 3
2024-10-11,2,Category_1,49,29,20,40.82,Phase 3
2024-10-11,10,Category_2,57,69,12,21.05,Phase 3
2024-10-11,4,Category_1,52,43,9,17.31,Phase 3
2024-10-11,1,Category_1,41,25,16,39.02,Phase 3
2024-10-11,6,Category_2,67,52,15,22.39,Phase 3
2024-10-11,7,Category_2,61,62,1,1.64,Phase 3
2024-10-11,8,Category_2,73,63,10,13.7,Phase 3
2024-10-11,5,Category_1,47,45,2,4.26,Phase 3
2024-10-12,12,Category_3,83,103,20,24.1,Phase 3
2024-10-12,19,Category_4,119,149,30,25.21,Phase 3
2024-10-12,18,Category_4,129,137,8,6.2,Phase 3
2024-10-12,17,Category_4,138,147,9,6.52,Phase 3
2024-10-12,16,Category_4,117,124,7,5.98,Phase 3
2024-10-12,15,Category_3,128,125,3,2.34,Phase 3
2024-10-12,14,Category_3,120,138,18,15.0,Phase 3
2024-10-12,13,Category_3,100,114,14,14.0,Phase 3
2024-10-12,11,Category_3,88,96,8,9.09,Phase 3
2024-10-12,20,Category_4,140,152,12,8.57,Phase 3
2024-10-12,9,Category_2,90,93,3,3.33,Phase 3
2024-10-12,1,Category_1,48,57,9,18.75,Phase 3
2024-10-12,2,Category_1,60,51,9,15.0,Phase 3
2024-10-12,3,Category_1,55,55,0,0.0,Phase 3
2024-10-12,4,Category_1,73,65,8,10.96,Phase 3
2024-10-12,10,Category_2,92,95,3,3.26,Phase 3
2024-10-12,6,Category_2,79,77,2,2.53,Phase 3
2024-10-12,7,Category_2,63,78,15,23.81,Phase 3
2024-10-12,8,Category_2,95,85,10,10.53,Phase 3
2024-10-12,5,Category_1,57,65,8,14.04,Phase 3
2024-10-13,12,Category_3,102,112,10,9.8,Phase 3
2024-10-13,19,Category_4,156,158,2,1.28,Phase 3
2024-10-13,18,Category_4,111,133,22,19.82,Phase 3
2024-10-13,17,Category_4,113,138,25,22.12,Phase 3
2024-10-13,16,Category_4,102,129,27,26.47,Phase 3
2024-10-13,15,Category_3,106,119,13,12.26,Phase 3
2024-10-13,14,Category_3,102,116,14,13.73,Phase 3
2024-10-13,13,Category_3,102,108,6,5.88,Phase 3
2024-10-13,10,Category_2,116,96,20,17.24,Phase 3
2024-10-13,20,Category_4,132,158,26,19.7,Phase 3
2024-10-13,11,Category_3,99,106,7,7.07,Phase 3
2024-10-13,1,Category_1,59,46,13,22.03,Phase 3
2024-10-13,2,Category_1,61,50,11,18.03,Phase 3
2024-10-13,3,Category_1,66,56,10,15.15,Phase 3
2024-10-13,4,Category_1,71,60,11,15.49,Phase 3
2024-10-13,9,Category_2,76,97,21,27.63,Phase 3
2024-10-13,6,Category_2,50,70,20,40.0,Phase 3
2024-10-13,7,Category_2,79,83,4,5.06,Phase 3
2024-10-13,8,Category_2,81,81,0,0.0,Phase 3
2024-10-13,5,Category_1,63,70,7,11.11,Phase 3
2024-10-14,11,Category_3,61,75,14,22.95,Phase 3
2024-10-14,19,Category_4,111,123,12,10.81,Phase 3
2024-10-14,18,Category_4,110,118,8,7.27,Phase 3
2024-10-14,17,Category_4,100,105,5,5.0,Phase 3
2024-10-14,16,Category_4,75,103,28,37.33,Phase 3
2024-10-14,15,Category_3,111,110,1,0.9,Phase 3
2024-10-14,14,Category_3,86,89,3,3.49,Phase 3
2024-10-14,13,Category_3,97,94,3,3.09,Phase 3
2024-10-14,12,Category_3,65,82,17,26.15,Phase 3
2024-10-14,20,Category_4,139,145,6,4.32,Phase 3
2024-10-14,10,Category_2,74,69,5,6.76,Phase 3
2024-10-14,8,Category_2,72,61,11,15.28,Phase 3
2024-10-14,7,Category_2,45,54,9,20.0,Phase 3
2024-10-14,6,Category_2,45,48,3,6.67,Phase 3
2024-10-14,5,Category_1,80,57,23,28.75,Phase 3
2024-10-14,4,Category_1,84,62,22,26.19,Phase 3
2024-10-14,3,Category_1,50,37,13,26.0,Phase 3
2024-10-14,2,Category_1,40,29,11,27.5,Phase 3
2024-10-14,1,Category_1,48,56,8,16.67,Phase 3
2024-10-14,9,Category_2,59,66,7,11.86,Phase 3
2024-10-15,12,Category_3,97,89,8,8.25,Phase 3
2024-10-15,13,Category_3,84,96,12,14.29,Phase 3
2024-10-15,14,Category_3,73,90,17,23.29,Phase 3
2024-10-15,15,Category_3,80,95,15,18.75,Phase 3
2024-10-15,19,Category_4,109,118,9,8.26,Phase 3
2024-10-15,17,Category_4,124,119,5,4.03,Phase 3
2024-10-15,18,Category_4,127,122,5,3.94,Phase 3
2024-10-15,11,Category_3,82,81,1,1.22,Phase 3
2024-10-15,16,Category_4,85,112,27,31.76,Phase 3
2024-10-15,20,Category_4,108,120,12,11.11,Phase 3
2024-10-15,10,Category_2,86,68,18,20.93,Phase 3
2024-10-15,8,Category_2,69,62,7,10.14,Phase 3
2024-10-15,1,Category_1,30,27,3,10.0,Phase 3
2024-10-15,2,Category_1,36,28,8,22.22,Phase 3
2024-10-15,3,Category_1,49,34,15,30.61,Phase 3
2024-10-15,9,Category_2,59,68,9,15.25,Phase 3
2024-10-15,5,Category_1,59,45,14,23.73,Phase 3
2024-10-15,6,Category_2,76,83,7,9.21,Phase 3
2024-10-15,7,Category_2,82,81,1,1.22,Phase 3
2024-10-15,4,Category_1,51,44,7,13.73,Phase 3
2024-10-16,13,Category_3,78,93,15,19.23,Phase 3
2024-10-16,20,Category_4,108,132,24,22.22,Phase 3
2024-10-16,19,Category_4,82,120,38,46.34,Phase 3
2024-10-16,18,Category_4,104,121,17,16.35,Phase 3
2024-10-16,17,Category_4,110,112,2,1.82,Phase 3
2024-10-16,16,Category_4,88,108,20,22.73,Phase 3
2024-10-16,15,Category_3,121,132,11,9.09,Phase 3
2024-10-16,14,Category_3,108,92,16,14.81,Phase 3
2024-10-16,12,Category_3,84,113,29,34.52,Phase 3
2024-10-16,11,Category_3,55,76,21,38.18,Phase 3
2024-10-16,1,Category_1,35,25,10,28.57,Phase 3
2024-10-16,9,Category_2,74,70,4,5.41,Phase 3
2024-10-16,8,Category_2,78,64,14,17.95,Phase 3
2024-10-16,7,Category_2,60,53,7,11.67,Phase 3
2024-10-16,6,Category_2,67,52,15,22.39,Phase 3
2024-10-16,5,Category_1,66,56,10,15.15,Phase 3
2024-10-16,4,Category_1,57,63,6,10.53,Phase 3
2024-10-16,3,Category_1,53,34,19,35.85,Phase 3
2024-10-16,2,Category_1,38,31,7,18.42,Phase 3
2024-10-16,10,Category_2,89,110,21,23.6,Phase 3
2024-10-17,13,Category_3,81,84,3,3.7,Phase 3
2024-10-17,14,Category_3,71,92,21,29.58,Phase 3
2024-10-17,15,Category_3,88,96,8,9.09,Phase 3
2024-10-17,16,Category_4,144,142,2,1.39,Phase 3
2024-10-17,12,Category_3,78,85,7,8.97,Phase 3
2024-10-17,18,Category_4,96,114,18,18.75,Phase 3
2024-10-17,19,Category_4,112,127,15,13.39,Phase 3
2024-10-17,20,Category_4,111,146,35,31.53,Phase 3
2024-10-17,17,Category_4,95,110,15,15.79,Phase 3
2024-10-17,11,Category_3,60,75,15,25.0,Phase 3
2024-10-17,1,Category_1,34,24,10,29.41,Phase 3
2024-10-17,9,Category_2,72,68,4,5.56,Phase 3
2024-10-17,8,Category_2,79,66,13,16.46,Phase 3
2024-10-17,7,Category_2,92,76,16,17.39,Phase 3
2024-10-17,6,Category_2,47,51,4,8.51,Phase 3
2024-10-17,5,Category_1,66,45,21,31.82,Phase 3
2024-10-17,4,Category_1,55,44,11,20.0,Phase 3
2024-10-17,3,Category_1,45,46,1,2.22,Phase 3
2024-10-17,2,Category_1,42,40,2,4.76,Phase 3
2024-10-17,10,Category_2,92,80,12,13.04,Phase 3
2024-10-18,13,Category_3,82,89,7,8.54,Phase 3
2024-10-18,14,Category_3,76,100,24,31.58,Phase 3
2024-10-18,15,Category_3,130,135,5,3.85,Phase 3
2024-10-18,16,Category_4,83,109,26,31.33,Phase 3
2024-10-18,20,Category_4,116,126,10,8.62,Phase 3
2024-10-18,18,Category_4,99,117,18,18.18,Phase 3
2024-10-18,19,Category_4,100,122,22,22.0,Phase 3
2024-10-18,12,Category_3,62,83,21,33.87,Phase 3
2024-10-18,17,Category_4,115,117,2,1.74,Phase 3
2024-10-18,11,Category_3,83,85,2,2.41,Phase 3
2024-10-18,1,Category_1,54,26,28,51.85,Phase 3
2024-10-18,9,Category_2,79,77,2,2.53,Phase 3
2024-10-18,2,Category_1,26,29,3,11.54,Phase 3
2024-10-18,3,Category_1,51,35,16,31.37,Phase 3
2024-10-18,4,Category_1,51,39,12,23.53,Phase 3
2024-10-18,10,Category_2,70,71,1,1.43,Phase 3
2024-10-18,6,Category_2,64,51,13,20.31,Phase 3
2024-10-18,7,Category_2,59,56,3,5.08,Phase 3
2024-10-18,8,Category_2,82,73,9,10.98,Phase 3
2024-10-18,5,Category_1,72,47,25,34.72,Phase 3
2024-10-19,12,Category_3,88,101,13,14.77,Phase 3
2024-10-19,19,Category_4,187,181,6,3.21,Phase 3
2024-10-19,18,Category_4,151,164,13,8.61,Phase 3
2024-10-19,17,Category_4,123,133,10,8.13,Phase 3
2024-10-19,16,Category_4,111,121,10,9.01,Phase 3
2024-10-19,15,Category_3,111,116,5,4.5,Phase 3
2024-10-19,14,Category_3,101,123,22,21.78,Phase 3
2024-10-19,13,Category_3,102,110,8,7.84,Phase 3
2024-10-19,20,Category_4,192,184,8,4.17,Phase 3
2024-10-19,11,Category_3,103,103,0,0.0,Phase 3
2024-10-19,9,Category_2,93,95,2,2.15,Phase 3
2024-10-19,8,Category_2,77,84,7,9.09,Phase 3
2024-10-19,7,Category_2,82,82,0,0.0,Phase 3
2024-10-19,6,Category_2,71,71,0,0.0,Phase 3
2024-10-19,5,Category_1,78,65,13,16.67,Phase 3
2024-10-19,4,Category_1,65,60,5,7.69,Phase 3
2024-10-19,3,Category_1,51,59,8,15.69,Phase 3
2024-10-19,2,Category_1,50,49,1,2.0,Phase 3
2024-10-19,1,Category_1,46,48,2,4.35,Phase 3
2024-10-19,10,Category_2,79,96,17,21.52,Phase 3
2024-10-20,13,Category_3,119,128,9,7.56,Phase 3
2024-10-20,14,Category_3,94,112,18,19.15,Phase 3
2024-10-20,15,Category_3,125,130,5,4.0,Phase 3
2024-10-20,16,Category_4,126,135,9,7.14,Phase 3
2024-10-20,12,Category_3,110,106,4,3.64,Phase 3
2024-10-20,18,Category_4,112,132,20,17.86,Phase 3
2024-10-20,19,Category_4,127,149,22,17.32,Phase 3
2024-10-20,20,Category_4,130,144,14,10.77,Phase 3
2024-10-20,17,Category_4,125,139,14,11.2,Phase 3
2024-10-20,11,Category_3,114,104,10,8.77,Phase 3
2024-10-20,1,Category_1,65,46,19,29.23,Phase 3
2024-10-20,9,Category_2,91,105,14,15.38,Phase 3
2024-10-20,2,Category_1,56,62,6,10.71,Phase 3
2024-10-20,3,Category_1,36,55,19,52.78,Phase 3
2024-10-20,4,Category_1,61,64,3,4.92,Phase 3
2024-10-20,10,Category_2,87,100,13,14.94,Phase 3
2024-10-20,6,Category_2,67,74,7,10.45,Phase 3
2024-10-20,7,Category_2,80,80,0,0.0,Phase 3
2024-10-20,8,Category_2,80,84,4,5.0,Phase 3
2024-10-20,5,Category_1,75,70,5,6.67,Phase 3
2024-10-21,20,Category_4,131,136,5,3.82,Phase 3
2024-10-21,19,Category_4,135,134,1,0.74,Phase 3
2024-10-21,18,Category_4,94,113,19,20.21,Phase 3
2024-10-21,17,Category_4,99,114,15,15.15,Phase 3
2024-10-21,16,Category_4,112,117,5,4.46,Phase 3
2024-10-21,15,Category_3,89,95,6,6.74,Phase 3
2024-10-21,14,Category_3,59,89,30,50.85,Phase 3
2024-10-21,12,Category_3,76,85,9,11.84,Phase 3
2024-10-21,11,Category_3,96,80,16,16.67,Phase 3
2024-10-21,13,Category_3,97,96,1,1.03,Phase 3
2024-10-21,9,Category_2,93,71,22,23.66,Phase 3
2024-10-21,1,Category_1,30,23,7,23.33,Phase 3
2024-10-21,2,Category_1,53,40,13,24.53,Phase 3
2024-10-21,3,Category_1,73,69,4,5.48,Phase 3
2024-10-21,4,Category_1,41,41,0,0.0,Phase 3
2024-10-21,10,Category_2,93,103,10,10.75,Phase 3
2024-10-21,6,Category_2,65,49,16,24.62,Phase 3
2024-10-21,7,Category_2,71,87,16,22.54,Phase 3
2024-10-21,8,Category_2,79,60,19,24.05,Phase 3
2024-10-21,5,Category_1,63,45,18,28.57,Phase 3
2024-10-22,12,Category_3,84,83,1,1.19,Phase 3
2024-10-22,19,Category_4,75,122,47,62.67,Phase 3
2024-10-22,18,Category_4,124,117,7,5.65,Phase 3
2024-10-22,17,Category_4,98,108,10,10.2,Phase 3
2024-10-22,16,Category_4,98,104,6,6.12,Phase 3
2024-10-22,15,Category_3,105,96,9,8.57,Phase 3
2024-10-22,14,Category_3,86,102,16,18.6,Phase 3
2024-10-22,13,Category_3,90,91,1,1.11,Phase 3
2024-10-22,20,Category_4,108,128,20,18.52,Phase 3
2024-10-22,11,Category_3,67,84,17,25.37,Phase 3
2024-10-22,9,Category_2,66,66,0,0.0,Phase 3
2024-10-22,1,Category_1,44,24,20,45.45,Phase 3
2024-10-22,2,Category_1,55,28,27,49.09,Phase 3
2024-10-22,3,Category_1,46,36,10,21.74,Phase 3
2024-10-22,4,Category_1,48,40,8,16.67,Phase 3
2024-10-22,10,Category_2,76,80,4,5.26,Phase 3
2024-10-22,6,Category_2,59,50,9,15.25,Phase 3
2024-10-22,7,Category_2,65,54,11,16.92,Phase 3
2024-10-22,8,Category_2,66,66,0,0.0,Phase 3
2024-10-22,5,Category_1,66,49,17,25.76,Phase 3
2024-10-23,11,Category_3,90,80,10,11.11,Phase 3
2024-10-23,19,Category_4,120,119,1,0.83,Phase 3
2024-10-23,18,Category_4,142,148,6,4.23,Phase 3
2024-10-23,17,Category_4,101,116,15,14.85,Phase 3
2024-10-23,16,Category_4,94,114,20,21.28,Phase 3
2024-10-23,15,Category_3,96,94,2,2.08,Phase 3
2024-10-23,14,Category_3,101,98,3,2.97,Phase 3
2024-10-23,13,Category_3,72,84,12,16.67,Phase 3
2024-10-23,12,Category_3,87,91,4,4.6,Phase 3
2024-10-23,20,Category_4,108,121,13,12.04,Phase 3
2024-10-23,10,Category_2,68,69,1,1.47,Phase 3
2024-10-23,8,Category_2,67,66,1,1.49,Phase 3
2024-10-23,7,Category_2,46,60,14,30.43,Phase 3
2024-10-23,6,Category_2,68,75,7,10.29,Phase 3
2024-10-23,5,Category_1,73,69,4,5.48,Phase 3
2024-10-23,4,Category_1,58,38,20,34.48,Phase 3
2024-10-23,3,Category_1,27,33,6,22.22,Phase 3
2024-10-23,2,Category_1,34,31,3,8.82,Phase 3
2024-10-23,1,Category_1,26,24,2,7.69,Phase 3
2024-10-23,9,Category_2,59,71,12,20.34,Phase 3
2024-10-24,13,Category_3,66,87,21,31.82,Phase 3
2024-10-24,14,Category_3,85,99,14,16.47,Phase 3
2024-10-24,15,Category_3,82,97,15,18.29,Phase 3
2024-10-24,20,Category_4,101,123,22,21.78,Phase 3
2024-10-24,19,Category_4,105,120,15,14.29,Phase 3
2024-10-24,17,Category_4,105,119,14,13.33,Phase 3
2024-10-24,18,Category_4,92,112,20,21.74,Phase 3
2024-10-24,12,Category_3,85,89,4,4.71,Phase 3
2024-10-24,16,Category_4,113,137,24,21.24,Phase 3
2024-10-24,11,Category_3,76,75,1,1.32,Phase 3
2024-10-24,5,Category_1,72,48,24,33.33,Phase 3
2024-10-24,9,Category_2,79,98,19,24.05,Phase 3
2024-10-24,1,Category_1,50,36,14,28.0,Phase 3
2024-10-24,2,Category_1,56,28,28,50.0,Phase 3
2024-10-24,3,Category_1,31,33,2,6.45,Phase 3
2024-10-24,10,Category_2,86,74,12,13.95,Phase 3
2024-10-24,6,Category_2,67,52,15,22.39,Phase 3
2024-10-24,7,Category_2,63,58,5,7.94,Phase 3
2024-10-24,8,Category_2,85,65,20,23.53,Phase 3
2024-10-24,4,Category_1,41,40,1,2.44,Phase 3
2024-10-25,13,Category_3,90,85,5,5.56,Phase 3
2024-10-25,20,Category_4,101,126,25,24.75,Phase 3
2024-10-25,19,Category_4,103,126,23,22.33,Phase 3
2024-10-25,18,Category_4,115,125,10,8.7,Phase 3
2024-10-25,17,Category_4,96,109,13,13.54,Phase 3
2024-10-25,16,Category_4,89,113,24,26.97,Phase 3
2024-10-25,15,Category_3,93,105,12,12.9,Phase 3
2024-10-25,14,Category_3,99,91,8,8.08,Phase 3
2024-10-25,12,Category_3,105,103,2,1.9,Phase 3
2024-10-25,11,Category_3,68,76,8,11.76,Phase 3
2024-10-25,1,Category_1,48,23,25,52.08,Phase 3
2024-10-25,9,Category_2,79,81,2,2.53,Phase 3
2024-10-25,8,Category_2,64,59,5,7.81,Phase 3
2024-10-25,7,Category_2,52,57,5,9.62,Phase 3
2024-10-25,6,Category_2,61,53,8,13.11,Phase 3
2024-10-25,5,Category_1,57,45,12,21.05,Phase 3
2024-10-25,4,Category_1,52,50,2,3.85,Phase 3
2024-10-25,3,Category_1,53,36,17,32.08,Phase 3
2024-10-25,2,Category_1,50,28,22,44.0,Phase 3
2024-10-25,10,Category_2,100,110,10,10.0,Phase 3
2024-10-26,13,Category_3,110,117,7,6.36,Phase 3
2024-10-26,14,Category_3,83,115,32,38.55,Phase 3
2024-10-26,15,Category_3,127,128,1,0.79,Phase 3
2024-10-26,16,Category_4,116,131,15,12.93,Phase 3
2024-10-26,12,Category_3,114,138,24,21.05,Phase 3
2024-10-26,18,Category_4,156,172,16,10.26,Phase 3
2024-10-26,19,Category_4,99,140,41,41.41,Phase 3
2024-10-26,20,Category_4,128,143,15,11.72,Phase 3
2024-10-26,17,Category_4,124,139,15,12.1,Phase 3
2024-10-26,11,Category_3,105,96,9,8.57,Phase 3
2024-10-26,1,Category_1,64,48,16,25.0,Phase 3
2024-10-26,9,Category_2,79,88,9,11.39,Phase 3
2024-10-26,8,Category_2,79,83,4,5.06,Phase 3
2024-10-26,7,Category_2,77,76,1,1.3,Phase 3
2024-10-26,6,Category_2,74,82,8,10.81,Phase 3
2024-10-26,5,Category_1,64,69,5,7.81,Phase 3
2024-10-26,4,Category_1,48,61,13,27.08,Phase 3
2024-10-26,3,Category_1,60,80,20,33.33,Phase 3
2024-10-26,2,Category_1,78,82,4,5.13,Phase 3
2024-10-26,10,Category_2,86,93,7,8.14,Phase 3
2024-10-27,13,Category_3,92,115,23,25.0,Phase 3
2024-10-27,14,Category_3,110,119,9,8.18,Phase 3
2024-10-27,15,Category_3,96,118,22,22.92,Phase 3
2024-10-27,16,Category_4,139,133,6,4.32,Phase 3
2024-10-27,20,Category_4,129,148,19,14.73,Phase 3
2024-10-27,18,Category_4,148,143,5,3.38,Phase 3
2024-10-27,19,Category_4,136,153,17,12.5,Phase 3
2024-10-27,12,Category_3,97,107,10,10.31,Phase 3
2024-10-27,17,Category_4,124,133,9,7.26,Phase 3
2024-10-27,11,Category_3,76,97,21,27.63,Phase 3
2024-10-27,1,Category_1,64,57,7,10.94,Phase 3
2024-10-27,9,Category_2,67,94,27,40.3,Phase 3
2024-10-27,2,Category_1,53,49,4,7.55,Phase 3
2024-10-27,3,Category_1,62,59,3,4.84,Phase 3
2024-10-27,4,Category_1,61,63,2,3.28,Phase 3
2024-10-27,10,Category_2,102,94,8,7.84,Phase 3
2024-10-27,6,Category_2,67,74,7,10.45,Phase 3
2024-10-27,7,Category_2,93,93,0,0.0,Phase 3
2024-10-27,8,Category_2,77,87,10,12.99,Phase 3
2024-10-27,5,Category_1,64,68,4,6.25,Phase 3
2024-10-28,12,Category_3,75,80,5,6.67,Phase 3
2024-10-28,19,Category_4,120,130,10,8.33,Phase 3
2024-10-28,18,Category_4,101,119,18,17.82,Phase 3
2024-10-28,17,Category_4,91,115,24,26.37,Phase 3
2024-10-28,16,Category_4,107,111,4,3.74,Phase 3
2024-10-28,15,Category_3,96,100,4,4.17,Phase 3
2024-10-28,14,Category_3,88,95,7,7.95,Phase 3
2024-10-28,13,Category_3,121,126,5,4.13,Phase 3
2024-10-28,20,Category_4,137,146,9,6.57,Phase 3
2024-10-28,11,Category_3,86,77,9,10.47,Phase 3
2024-10-28,9,Category_2,70,64,6,8.57,Phase 3
2024-10-28,8,Category_2,75,66,9,12.0,Phase 3
2024-10-28,7,Category_2,69,61,8,11.59,Phase 3
2024-10-28,6,Category_2,70,63,7,10.0,Phase 3
2024-10-28,5,Category_1,52,43,9,17.31,Phase 3
2024-10-28,4,Category_1,61,44,17,27.87,Phase 3
2024-10-28,3,Category_1,57,37,20,35.09,Phase 3
2024-10-28,2,Category_1,47,30,17,36.17,Phase 3
2024-10-28,1,Category_1,25,25,0,0.0,Phase 3
2024-10-28,10,Category_2,60,76,16,26.67,Phase 3
2024-10-29,13,Category_3,82,98,16,19.51,Phase 3
2024-10-29,14,Category_3,81,93,12,14.81,Phase 3
2024-10-29,15,Category_3,119,106,13,10.92,Phase 3
2024-10-29,16,Category_4,86,105,19,22.09,Phase 3
2024-10-29,12,Category_3,76,85,9,11.84,Phase 3
2024-10-29,18,Category_4,87,118,31,35.63,Phase 3
2024-10-29,19,Category_4,112,123,11,9.82,Phase 3
2024-10-29,20,Category_4,108,132,24,22.22,Phase 3
2024-10-29,17,Category_4,130,139,9,6.92,Phase 3
2024-10-29,11,Category_3,90,81,9,10.0,Phase 3
2024-10-29,1,Category_1,49,24,25,51.02,Phase 3
2024-10-29,9,Category_2,102,83,19,18.63,Phase 3
2024-10-29,2,Category_1,36,27,9,25.0,Phase 3
2024-10-29,3,Category_1,44,33,11,25.0,Phase 3
2024-10-29,4,Category_1,62,44,18,29.03,Phase 3
2024-10-29,10,Category_2,67,69,2,2.99,Phase 3
2024-10-29,6,Category_2,52,55,3,5.77,Phase 3
2024-10-29,7,Category_2,61,60,1,1.64,Phase 3
2024-10-29,8,Category_2,72,59,13,18.06,Phase 3
2024-10-29,5,Category_1,66,78,12,18.18,Phase 3
2024-10-30,20,Category_4,104,122,18,17.31,Phase 3
2024-10-30,19,Category_4,115,117,2,1.74,Phase 3
2024-10-30,18,Category_4,87,114,27,31.03,Phase 3
2024-10-30,17,Category_4,117,143,26,22.22,Phase 3
2024-10-30,16,Category_4,89,99,10,11.24,Phase 3
2024-10-30,15,Category_3,89,94,5,5.62,Phase 3
2024-10-30,14,Category_3,72,89,17,23.61,Phase 3
2024-10-30,12,Category_3,90,88,2,2.22,Phase 3
2024-10-30,11,Category_3,88,86,2,2.27,Phase 3
2024-10-30,13,Category_3,88,96,8,9.09,Phase 3
2024-10-30,9,Category_2,48,66,18,37.5,Phase 3
2024-10-30,1,Category_1,32,22,10,31.25,Phase 3
2024-10-30,2,Category_1,43,29,14,32.56,Phase 3
2024-10-30,3,Category_1,37,36,1,2.7,Phase 3
2024-10-30,4,Category_1,57,42,15,26.32,Phase 3
2024-10-30,10,Category_2,72,78,6,8.33,Phase 3
2024-10-30,6,Category_2,58,49,9,15.52,Phase 3
2024-10-30,7,Category_2,54,60,6,11.11,Phase 3
2024-10-30,8,Category_2,79,58,21,26.58,Phase 3
2024-10-30,5,Category_1,35,45,10,28.57,Phase 3
2024-10-31,12,Category_3,104,100,4,3.85,Phase 3
2024-10-31,19,Category_4,116,122,6,5.17,Phase 3
2024-10-31,18,Category_4,103,122,19,18.45,Phase 3
2024-10-31,17,Category_4,87,104,17,19.54,Phase 3
2024-10-31,16,Category_4,103,103,0,0.0,Phase 3
2024-10-31,15,Category_3,102,108,6,5.88,Phase 3
2024-10-31,14,Category_3,94,102,8,8.51,Phase 3
2024-10-31,13,Category_3,70,85,15,21.43,Phase 3
2024-10-31,20,Category_4,128,133,5,3.91,Phase 3
2024-10-31,11,Category_3,75,83,8,10.67,Phase 3
2024-10-31,9,Category_2,70,72,2,2.86,Phase 3
2024-10-31,1,Category_1,36,25,11,30.56,Phase 3
2024-10-31,2,Category_1,53,28,25,47.17,Phase 3
2024-10-31,3,Category_1,35,36,1,2.86,Phase 3
2024-10-31,4,Category_1,56,43,13,23.21,Phase 3
2024-10-31,10,Category_2,72,70,2,2.78,Phase 3
2024-10-31,6,Category_2,49,52,3,6.12,Phase 3
2024-10-31,7,Category_2,73,82,9,12.33,Phase 3
2024-10-31,8,Category_2,64,60,4,6.25,Phase 3
2024-10-31,5,Category_1,56,47,9,16.07,Phase 3
2024-11-01,11,Category_3,92,76,16,17.39,Phase 3
2024-11-01,19,Category_4,153,155,2,1.31,Phase 3
2024-11-01,18,Category_4,122,113,9,7.38,Phase 3
2024-11-01,17,Category_4,120,121,1,0.83,Phase 3
2024-11-01,16,Category_4,120,110,10,8.33,Phase 3
2024-11-01,15,Category_3,105,98,7,6.67,Phase 3
2024-11-01,14,Category_3,103,95,8,7.77,Phase 3
2024-11-01,13,Category_3,103,89,14,13.59,Phase 3
2024-11-01,12,Category_3,95,92,3,3.16,Phase 3
2024-11-01,20,Category_4,124,121,3,2.42,Phase 3
2024-11-01,10,Category_2,99,88,11,11.11,Phase 3
2024-11-01,8,Category_2,77,68,9,11.69,Phase 3
2024-11-01,7,Category_2,65,61,4,6.15,Phase 3
2024-11-01,6,Category_2,86,78,8,9.3,Phase 3
2024-11-01,5,Category_1,73,49,24,32.88,Phase 3
2024-11-01,4,Category_1,40,39,1,2.5,Phase 3
2024-11-01,3,Category_1,54,35,19,35.19,Phase 3
2024-11-01,2,Category_1,45,30,15,33.33,Phase 3
2024-11-01,1,Category_1,43,23,20,46.51,Phase 3
2024-11-01,9,Category_2,65,65,0,0.0,Phase 3
2024-11-02,13,Category_3,130,114,16,12.31,Phase 3
2024-11-02,14,Category_3,134,118,16,11.94,Phase 3
2024-11-02,15,Category_3,141,128,13,9.22,Phase 3
2024-11-02,16,Category_4,141,125,16,11.35,Phase 3
2024-11-02,20,Category_4,164,151,13,7.93,Phase 3
2024-11-02,18,Category_4,154,143,11,7.14,Phase 3
2024-11-02,19,Category_4,128,140,12,9.38,Phase 3
2024-11-02,12,Category_3,125,104,21,16.8,Phase 3
2024-11-02,17,Category_4,168,165,3,1.79,Phase 3
2024-11-02,11,Category_3,108,99,9,8.33,Phase 3
2024-11-02,1,Category_1,52,46,6,11.54,Phase 3
2024-11-02,9,Category_2,91,86,5,5.49,Phase 3
2024-11-02,2,Category_1,51,54,3,5.88,Phase 3
2024-11-02,3,Category_1,65,58,7,10.77,Phase 3
2024-11-02,4,Category_1,82,64,18,21.95,Phase 3
2024-11-02,10,Category_2,105,91,14,13.33,Phase 3
2024-11-02,6,Category_2,96,88,8,8.33,Phase 3
2024-11-02,7,Category_2,111,81,30,27.03,Phase 3
2024-11-02,8,Category_2,94,85,9,9.57,Phase 3
2024-11-02,5,Category_1,81,66,15,18.52,Phase 3
2024-11-03,20,Category_4,211,191,20,9.48,Phase 3
2024-11-03,19,Category_4,140,150,10,7.14,Phase 3
2024-11-03,18,Category_4,154,133,21,13.64,Phase 3
2024-11-03,17,Category_4,142,137,5,3.52,Phase 3
2024-11-03,16,Category_4,154,134,20,12.99,Phase 3
2024-11-03,15,Category_3,111,118,7,6.31,Phase 3
2024-11-03,14,Category_3,146,133,13,8.9,Phase 3
2024-11-03,12,Category_3,120,112,8,6.67,Phase 3
2024-11-03,11,Category_3,103,97,6,5.83,Phase 3
2024-11-03,13,Category_3,124,110,14,11.29,Phase 3
2024-11-03,9,Category_2,92,87,5,5.43,Phase 3
2024-11-03,10,Category_2,113,99,14,12.39,Phase 3
2024-11-03,2,Category_1,83,54,29,34.94,Phase 3
2024-11-03,3,Category_1,53,58,5,9.43,Phase 3
2024-11-03,4,Category_1,77,66,11,14.29,Phase 3
2024-11-03,1,Category_1,41,48,7,17.07,Phase 3
2024-11-03,6,Category_2,74,76,2,2.7,Phase 3
2024-11-03,7,Category_2,81,78,3,3.7,Phase 3
2024-11-03,8,Category_2,110,89,21,19.09,Phase 3
2024-11-03,5,Category_1,68,78,10,14.71,Phase 3
2024-11-04,12,Category_3,81,81,0,0.0,Phase 3
2024-11-04,19,Category_4,115,122,7,6.09,Phase 3
2024-11-04,18,Category_4,123,127,4,3.25,Phase 3
2024-11-04,17,Category_4,104,117,13,12.5,Phase 3
2024-11-04,16,Category_4,111,113,2,1.8,Phase 3
2024-11-04,15,Category_3,93,98,5,5.38,Phase 3
2024-11-04,14,Category_3,95,94,1,1.05,Phase 3
2024-11-04,20,Category_4,115,125,10,8.7,Phase 3
2024-11-04,11,Category_3,94,78,16,17.02,Phase 3
2024-11-04,13,Category_3,82,89,7,8.54,Phase 3
2024-11-04,9,Category_2,94,78,16,17.02,Phase 3
2024-11-04,1,Category_1,39,25,14,35.9,Phase 3
2024-11-04,2,Category_1,61,31,30,49.18,Phase 3
2024-11-04,3,Category_1,54,37,17,31.48,Phase 3
2024-11-04,4,Category_1,50,40,10,20.0,Phase 3
2024-11-04,10,Category_2,79,75,4,5.06,Phase 3
2024-11-04,6,Category_2,70,48,22,31.43,Phase 3
2024-11-04,7,Category_2,73,61,12,16.44,Phase 3
2024-11-04,8,Category_2,79,62,17,21.52,Phase 3
2024-11-04,5,Category_1,68,49,19,27.94,Phase 3
2024-11-05,20,Category_4,127,137,10,7.87,Phase 3
2024-11-05,19,Category_4,115,132,17,14.78,Phase 3
2024-11-05,18,Category_4,99,111,12,12.12,Phase 3
2024-11-05,17,Category_4,122,122,0,0.0,Phase 3
2024-11-05,16,Category_4,131,138,7,5.34,Phase 3
2024-11-05,15,Category_3,113,110,3,2.65,Phase 3
2024-11-05,14,Category_3,111,103,8,7.21,Phase 3
2024-11-05,12,Category_3,102,83,19,18.63,Phase 3
2024-11-05,11,Category_3,93,111,18,19.35,Phase 3
2024-11-05,13,Category_3,99,92,7,7.07,Phase 3
2024-11-05,9,Category_2,102,65,37,36.27,Phase 3
2024-11-05,1,Category_1,46,23,23,50.0,Phase 3
2024-11-05,2,Category_1,61,30,31,50.82,Phase 3
2024-11-05,3,Category_1,47,33,14,29.79,Phase 3
2024-11-05,4,Category_1,56,38,18,32.14,Phase 3
2024-11-05,10,Category_2,58,76,18,31.03,Phase 3
2024-11-05,6,Category_2,88,53,35,39.77,Phase 3
2024-11-05,7,Category_2,89,71,18,20.22,Phase 3
2024-11-05,8,Category_2,92,81,11,11.96,Phase 3
2024-11-05,5,Category_1,26,46,20,76.92,Phase 3
2024-11-06,12,Category_3,97,81,16,16.49,Phase 3
2024-11-06,19,Category_4,123,133,10,8.13,Phase 3
2024-11-06,18,Category_4,143,123,20,13.99,Phase 3
2024-11-06,17,Category_4,123,108,15,12.2,Phase 3
2024-11-06,16,Category_4,101,102,1,0.99,Phase 3
2024-11-06,15,Category_3,107,104,3,2.8,Phase 3
2024-11-06,14,Category_3,76,89,13,17.11,Phase 3
2024-11-06,13,Category_3,100,88,12,12.0,Phase 3
2024-11-06,20,Category_4,105,125,20,19.05,Phase 3
2024-11-06,11,Category_3,106,93,13,12.26,Phase 3
2024-11-06,9,Category_2,58,69,11,18.97,Phase 3
2024-11-06,1,Category_1,49,26,23,46.94,Phase 3
2024-11-06,2,Category_1,61,32,29,47.54,Phase 3
2024-11-06,3,Category_1,73,39,34,46.58,Phase 3
2024-11-06,4,Category_1,63,43,20,31.75,Phase 3
2024-11-06,10,Category_2,72,78,6,8.33,Phase 3
2024-11-06,6,Category_2,85,54,31,36.47,Phase 3
2024-11-06,7,Category_2,73,53,20,27.4,Phase 3
2024-11-06,8,Category_2,74,62,12,16.22,Phase 3
2024-11-06,5,Category_1,68,49,19,27.94,Phase 3
2024-11-07,20,Category_4,130,129,1,0.77,Phase 3
2024-11-07,19,Category_4,115,120,5,4.35,Phase 3
2024-11-07,18,Category_4,108,126,18,16.67,Phase 3
2024-11-07,17,Category_4,126,123,3,2.38,Phase 3
2024-11-07,16,Category_4,105,108,3,2.86,Phase 3
2024-11-07,15,Category_3,95,94,1,1.05,Phase 3
2024-11-07,14,Category_3,86,95,9,10.47,Phase 3
2024-11-07,12,Category_3,105,96,9,8.57,Phase 3
2024-11-07,11,Category_3,101,86,15,14.85,Phase 3
2024-11-07,13,Category_3,90,90,0,0.0,Phase 3
2024-11-07,9,Category_2,86,66,20,23.26,Phase 3
2024-11-07,1,Category_1,35,24,11,31.43,Phase 3
2024-11-07,2,Category_1,47,29,18,38.3,Phase 3
2024-11-07,3,Category_1,67,34,33,49.25,Phase 3
2024-11-07,4,Category_1,58,39,19,32.76,Phase 3
2024-11-07,10,Category_2,105,89,16,15.24,Phase 3
2024-11-07,6,Category_2,59,62,3,5.08,Phase 3
2024-11-07,7,Category_2,70,62,8,11.43,Phase 3
2024-11-07,8,Category_2,80,74,6,7.5,Phase 3
2024-11-07,5,Category_1,90,57,33,36.67,Phase 3
2024-11-08,11,Category_3,72,83,11,15.28,Phase 3
2024-11-08,19,Category_4,128,119,9,7.03,Phase 3
2024-11-08,18,Category_4,112,112,0,0.0,Phase 3
2024-11-08,17,Category_4,159,145,14,8.81,Phase 3
2024-11-08,16,Category_4,95,102,7,7.37,Phase 3
2024-11-08,15,Category_3,105,97,8,7.62,Phase 3
2024-11-08,14,Category_3,130,134,4,3.08,Phase 3
2024-11-08,13,Category_3,113,114,1,0.88,Phase 3
2024-11-08,12,Category_3,113,115,2,1.77,Phase 3
2024-11-08,20,Category_4,132,130,2,1.52,Phase 3
2024-11-08,10,Category_2,102,76,26,25.49,Phase 3
2024-11-08,8,Category_2,72,62,10,13.89,Phase 3
2024-11-08,1,Category_1,46,27,19,41.3,Phase 3
2024-11-08,2,Category_1,51,31,20,39.22,Phase 3
2024-11-08,3,Category_1,48,35,13,27.08,Phase 3
2024-11-08,9,Category_2,63,64,1,1.59,Phase 3
2024-11-08,5,Category_1,80,72,8,10.0,Phase 3
2024-11-08,6,Category_2,55,51,4,7.27,Phase 3
2024-11-08,7,Category_2,52,54,2,3.85,Phase 3
2024-11-08,4,Category_1,59,41,18,30.51,Phase 3
2024-11-09,12,Category_3,119,111,8,6.72,Phase 3
2024-11-09,19,Category_4,146,157,11,7.53,Phase 3
2024-11-09,18,Category_4,133,132,1,0.75,Phase 3
2024-11-09,17,Category_4,145,133,12,8.28,Phase 3
2024-11-09,16,Category_4,141,130,11,7.8,Phase 3
2024-11-09,15,Category_3,151,160,9,5.96,Phase 3
2024-11-09,14,Category_3,114,117,3,2.63,Phase 3
2024-11-09,13,Category_3,105,107,2,1.9,Phase 3
2024-11-09,20,Category_4,144,143,1,0.69,Phase 3
2024-11-09,11,Category_3,140,123,17,12.14,Phase 3
2024-11-09,9,Category_2,100,95,5,5.0,Phase 3
2024-11-09,8,Category_2,77,82,5,6.49,Phase 3
2024-11-09,7,Category_2,96,78,18,18.75,Phase 3
2024-11-09,6,Category_2,78,78,0,0.0,Phase 3
2024-11-09,5,Category_1,96,89,7,7.29,Phase 3
2024-11-09,4,Category_1,78,65,13,16.67,Phase 3
2024-11-09,3,Category_1,86,91,5,5.81,Phase 3
2024-11-09,2,Category_1,56,51,5,8.93,Phase 3
2024-11-09,1,Category_1,54,47,7,12.96,Phase 3
2024-11-09,10,Category_2,111,119,8,7.21,Phase 3
2024-11-10,13,Category_3,114,111,3,2.63,Phase 3
2024-11-10,14,Category_3,118,120,2,1.69,Phase 3
2024-11-10,15,Category_3,124,124,0,0.0,Phase 3
2024-11-10,16,Category_4,149,130,19,12.75,Phase 3
2024-11-10,12,Category_3,114,106,8,7.02,Phase 3
2024-11-10,18,Category_4,146,143,3,2.05,Phase 3
2024-11-10,19,Category_4,178,153,25,14.04,Phase 3
2024-11-10,20,Category_4,155,149,6,3.87,Phase 3
2024-11-10,17,Category_4,150,137,13,8.67,Phase 3
2024-11-10,11,Category_3,113,106,7,6.19,Phase 3
2024-11-10,10,Category_2,114,101,13,11.4,Phase 3
2024-11-10,9,Category_2,97,89,8,8.25,Phase 3
2024-11-10,8,Category_2,88,80,8,9.09,Phase 3
2024-11-10,7,Category_2,85,83,2,2.35,Phase 3
2024-11-10,6,Category_2,105,77,28,26.67,Phase 3
2024-11-10,5,Category_1,79,70,9,11.39,Phase 3
2024-11-10,4,Category_1,68,66,2,2.94,Phase 3
2024-11-10,3,Category_1,70,77,7,10.0,Phase 3
2024-11-10,2,Category_1,46,53,7,15.22,Phase 3
2024-11-10,1,Category_1,49,47,2,4.08,Phase 3
2024-11-11,13,Category_3,97,97,0,0.0,Phase 3
2024-11-11,14,Category_3,117,102,15,12.82,Phase 3
2024-11-11,15,Category_3,130,114,16,12.31,Phase 3
2024-11-11,16,Category_4,125,113,12,9.6,Phase 3
2024-11-11,20,Category_4,139,136,3,2.16,Phase 3
2024-11-11,18,Category_4,138,123,15,10.87,Phase 3
2024-11-11,19,Category_4,126,124,2,1.59,Phase 3
2024-11-11,12,Category_3,91,91,0,0.0,Phase 3
2024-11-11,17,Category_4,102,119,17,16.67,Phase 3
2024-11-11,11,Category_3,80,75,5,6.25,Phase 3
2024-11-11,10,Category_2,84,78,6,7.14,Phase 3
2024-11-11,9,Category_2,66,68,2,3.03,Phase 3
2024-11-11,2,Category_1,67,54,13,19.4,Phase 3
2024-11-11,3,Category_1,62,35,27,43.55,Phase 3
2024-11-11,4,Category_1,65,43,22,33.85,Phase 3
2024-11-11,1,Category_1,67,48,19,28.36,Phase 3
2024-11-11,6,Category_2,51,55,4,7.84,Phase 3
2024-11-11,7,Category_2,71,59,12,16.9,Phase 3
2024-11-11,8,Category_2,90,68,22,24.44,Phase 3
2024-11-11,5,Category_1,61,47,14,22.95,Phase 3
2024-11-12,13,Category_3,108,84,24,22.22,Phase 3
2024-11-12,20,Category_4,133,127,6,4.51,Phase 3
2024-11-12,19,Category_4,112,118,6,5.36,Phase 3
2024-11-12,18,Category_4,120,118,2,1.67,Phase 3
2024-11-12,17,Category_4,125,112,13,10.4,Phase 3
2024-11-12,16,Category_4,113,105,8,7.08,Phase 3
2024-11-12,15,Category_3,95,104,9,9.47,Phase 3
2024-11-12,14,Category_3,123,91,32,26.02,Phase 3
2024-11-12,12,Category_3,101,87,14,13.86,Phase 3
2024-11-12,11,Category_3,99,87,12,12.12,Phase 3
2024-11-12,1,Category_1,52,26,26,50.0,Phase 3
2024-11-12,2,Category_1,57,65,8,14.04,Phase 3
2024-11-12,3,Category_1,66,57,9,13.64,Phase 3
2024-11-12,4,Category_1,46,39,7,15.22,Phase 3
2024-11-12,5,Category_1,77,50,27,35.06,Phase 3
2024-11-12,10,Category_2,86,69,17,19.77,Phase 3
2024-11-12,7,Category_2,59,57,2,3.39,Phase 3
2024-11-12,8,Category_2,80,59,21,26.25,Phase 3
2024-11-12,9,Category_2,98,74,24,24.49,Phase 3
2024-11-12,6,Category_2,81,50,31,38.27,Phase 3
2024-11-13,12,Category_3,82,82,0,0.0,Phase 3
2024-11-13,20,Category_4,138,141,3,2.17,Phase 3
2024-11-13,19,Category_4,132,120,12,9.09,Phase 3
2024-11-13,18,Category_4,110,111,1,0.91,Phase 3
2024-11-13,17,Category_4,117,114,3,2.56,Phase 3
2024-11-13,16,Category_4,115,108,7,6.09,Phase 3
2024-11-13,15,Category_3,101,102,1,0.99,Phase 3
2024-11-13,14,Category_3,91,99,8,8.79,Phase 3
2024-11-13,13,Category_3,96,90,6,6.25,Phase 3
2024-11-13,10,Category_2,83,72,11,13.25,Phase 3
2024-11-13,7,Category_2,63,58,5,7.94,Phase 3
2024-11-13,9,Category_2,85,66,19,22.35,Phase 3
2024-11-13,8,Category_2,58,64,6,10.34,Phase 3
2024-11-13,6,Category_2,90,73,17,18.89,Phase 3
2024-11-13,5,Category_1,55,45,10,18.18,Phase 3
2024-11-13,4,Category_1,52,41,11,21.15,Phase 3
2024-11-13,3,Category_1,57,36,21,36.84,Phase 3
2024-11-13,2,Category_1,46,30,16,34.78,Phase 3
2024-11-13,1,Category_1,50,24,26,52.0,Phase 3
2024-11-13,11,Category_3,96,74,22,22.92,Phase 3
2024-11-14,15,Category_3,109,112,3,2.75,Phase 3
2024-11-14,13,Category_3,106,84,22,20.75,Phase 3
2024-11-14,14,Category_3,106,92,14,13.21,Phase 3
2024-11-14,16,Category_4,121,102,19,15.7,Phase 3
2024-11-14,12,Category_3,108,90,18,16.67,Phase 3
2024-11-14,18,Category_4,107,111,4,3.74,Phase 3
2024-11-14,19,Category_4,127,126,1,0.79,Phase 3
2024-11-14,20,Category_4,126,131,5,3.97,Phase 3
2024-11-14,17,Category_4,85,109,24,28.24,Phase 3
2024-11-14,11,Category_3,90,76,14,15.56,Phase 3
2024-11-14,10,Category_2,82,76,6,7.32,Phase 3
2024-11-14,9,Category_2,91,98,7,7.69,Phase 3
2024-11-14,2,Category_1,51,31,20,39.22,Phase 3
2024-11-14,3,Category_1,58,36,22,37.93,Phase 3
2024-11-14,4,Category_1,49,40,9,18.37,Phase 3
2024-11-14,1,Category_1,48,46,2,4.17,Phase 3
2024-11-14,6,Category_2,69,54,15,21.74,Phase 3
2024-11-14,7,Category_2,89,62,27,30.34,Phase 3
2024-11-14,8,Category_2,86,66,20,23.26,Phase 3
2024-11-14,5,Category_1,72,44,28,38.89,Phase 3
2024-11-15,13,Category_3,104,90,14,13.46,Phase 3
2024-11-15,20,Category_4,133,137,4,3.01,Phase 3
2024-11-15,19,Category_4,144,132,12,8.33,Phase 3
2024-11-15,18,Category_4,101,112,11,10.89,Phase 3
2024-11-15,17,Category_4,108,111,3,2.78,Phase 3
2024-11-15,16,Category_4,119,109,10,8.4,Phase 3
2024-11-15,15,Category_3,124,128,4,3.23,Phase 3
2024-11-15,14,Category_3,117,110,7,5.98,Phase 3
2024-11-15,12,Category_3,113,89,24,21.24,Phase 3
2024-11-15,11,Category_3,108,105,3,2.78,Phase 3
2024-11-15,1,Category_1,66,34,32,48.48,Phase 3
2024-11-15,9,Category_2,82,68,14,17.07,Phase 3
2024-11-15,8,Category_2,85,67,18,21.18,Phase 3
2024-11-15,7,Category_2,72,54,18,25.0,Phase 3
2024-11-15,6,Category_2,73,52,21,28.77,Phase 3
2024-11-15,5,Category_1,55,44,11,20.0,Phase 3
2024-11-15,4,Category_1,75,66,9,12.0,Phase 3
2024-11-15,3,Category_1,63,49,14,22.22,Phase 3
2024-11-15,2,Category_1,61,29,32,52.46,Phase 3
2024-11-15,10,Category_2,100,76,24,24.0,Phase 3
2024-11-16,13,Category_3,118,108,10,8.47,Phase 3
2024-11-16,14,Category_3,142,124,18,12.68,Phase 3
2024-11-16,15,Category_3,148,143,5,3.38,Phase 3
2024-11-16,16,Category_4,129,125,4,3.1,Phase 3
2024-11-16,12,Category_3,111,110,1,0.9,Phase 3
2024-11-16,18,Category_4,155,148,7,4.52,Phase 3
2024-11-16,19,Category_4,151,143,8,5.3,Phase 3
2024-11-16,20,Category_4,161,148,13,8.07,Phase 3
2024-11-16,17,Category_4,132,131,1,0.76,Phase 3
2024-11-16,11,Category_3,97,96,1,1.03,Phase 3
2024-11-16,10,Category_2,122,104,18,14.75,Phase 3
2024-11-16,9,Category_2,114,94,20,17.54,Phase 3
2024-11-16,8,Category_2,90,81,9,10.0,Phase 3
2024-11-16,7,Category_2,81,80,1,1.23,Phase 3
2024-11-16,6,Category_2,84,75,9,10.71,Phase 3
2024-11-16,5,Category_1,70,77,7,10.0,Phase 3
2024-11-16,4,Category_1,86,73,13,15.12,Phase 3
2024-11-16,3,Category_1,64,57,7,10.94,Phase 3
2024-11-16,2,Category_1,67,52,15,22.39,Phase 3
2024-11-16,1,Category_1,64,59,5,7.81,Phase 3
2024-11-17,13,Category_3,114,118,4,3.51,Phase 3
2024-11-17,14,Category_3,144,143,1,0.69,Phase 3
2024-11-17,15,Category_3,120,117,3,2.5,Phase 3
2024-11-17,16,Category_4,137,133,4,2.92,Phase 3
2024-11-17,20,Category_4,170,160,10,5.88,Phase 3
2024-11-17,18,Category_4,140,135,5,3.57,Phase 3
2024-11-17,19,Category_4,169,152,17,10.06,Phase 3
2024-11-17,12,Category_3,125,104,21,16.8,Phase 3
2024-11-17,17,Category_4,135,142,7,5.19,Phase 3
2024-11-17,11,Category_3,119,116,3,2.52,Phase 3
2024-11-17,10,Category_2,103,101,2,1.94,Phase 3
2024-11-17,9,Category_2,119,108,11,9.24,Phase 3
2024-11-17,2,Category_1,73,65,8,10.96,Phase 3
2024-11-17,3,Category_1,86,59,27,31.4,Phase 3
2024-11-17,4,Category_1,68,63,5,7.35,Phase 3
2024-11-17,1,Category_1,56,46,10,17.86,Phase 3
2024-11-17,6,Category_2,90,78,12,13.33,Phase 3
2024-11-17,7,Category_2,87,77,10,11.49,Phase 3
2024-11-17,8,Category_2,103,87,16,15.53,Phase 3
2024-11-17,5,Category_1,95,71,24,25.26,Phase 3
2024-11-18,12,Category_3,102,79,23,22.55,Phase 3
2024-11-18,19,Category_4,121,120,1,0.83,Phase 3
2024-11-18,18,Category_4,122,121,1,0.82,Phase 3
2024-11-18,17,Category_4,104,112,8,7.69,Phase 3
2024-11-18,16,Category_4,110,101,9,8.18,Phase 3
2024-11-18,15,Category_3,138,119,19,13.77,Phase 3
2024-11-18,14,Category_3,112,109,3,2.68,Phase 3
2024-11-18,13,Category_3,87,91,4,4.6,Phase 3
2024-11-18,11,Category_3,95,83,12,12.63,Phase 3
2024-11-18,20,Category_4,142,124,18,12.68,Phase 3
2024-11-18,9,Category_2,110,102,8,7.27,Phase 3
2024-11-18,1,Category_1,45,26,19,42.22,Phase 3
2024-11-18,2,Category_1,44,31,13,29.55,Phase 3
2024-11-18,3,Category_1,57,37,20,35.09,Phase 3
2024-11-18,4,Category_1,59,61,2,3.39,Phase 3
2024-11-18,10,Category_2,88,71,17,19.32,Phase 3
2024-11-18,6,Category_2,87,52,35,40.23,Phase 3
2024-11-18,7,Category_2,87,59,28,32.18,Phase 3
2024-11-18,8,Category_2,71,64,7,9.86,Phase 3
2024-11-18,5,Category_1,72,47,25,34.72,Phase 3
2024-11-19,12,Category_3,88,82,6,6.82,Phase 3
2024-11-19,20,Category_4,119,123,4,3.36,Phase 3
2024-11-19,19,Category_4,127,125,2,1.57,Phase 3
2024-11-19,18,Category_4,143,138,5,3.5,Phase 3
2024-11-19,17,Category_4,89,109,20,22.47,Phase 3
2024-11-19,16,Category_4,97,110,13,13.4,Phase 3
2024-11-19,15,Category_3,111,96,15,13.51,Phase 3
2024-11-19,14,Category_3,71,93,22,30.99,Phase 3
2024-11-19,13,Category_3,101,89,12,11.88,Phase 3
2024-11-19,11,Category_3,109,98,11,10.09,Phase 3
2024-11-19,10,Category_2,73,86,13,17.81,Phase 3
2024-11-19,9,Category_2,86,70,16,18.6,Phase 3
2024-11-19,8,Category_2,66,64,2,3.03,Phase 3
2024-11-19,7,Category_2,68,59,9,13.24,Phase 3
2024-11-19,6,Category_2,68,63,5,7.35,Phase 3
2024-11-19,5,Category_1,76,50,26,34.21,Phase 3
2024-11-19,4,Category_1,62,40,22,35.48,Phase 3
2024-11-19,3,Category_1,43,34,9,20.93,Phase 3
2024-11-19,2,Category_1,41,29,12,29.27,Phase 3
2024-11-19,1,Category_1,63,38,25,39.68,Phase 3
2024-11-20,13,Category_3,94,87,7,7.45,Phase 3
2024-11-20,14,Category_3,123,99,24,19.51,Phase 3
2024-11-20,15,Category_3,115,104,11,9.57,Phase 3
2024-11-20,16,Category_4,105,101,4,3.81,Phase 3
2024-11-20,20,Category_4,127,122,5,3.94,Phase 3
2024-11-20,18,Category_4,115,122,7,6.09,Phase 3
2024-11-20,19,Category_4,136,121,15,11.03,Phase 3
2024-11-20,12,Category_3,85,87,2,2.35,Phase 3
2024-11-20,17,Category_4,132,120,12,9.09,Phase 3
2024-11-20,11,Category_3,98,81,17,17.35,Phase 3
2024-11-20,10,Category_2,72,69,3,4.17,Phase 3
2024-11-20,9,Category_2,88,77,11,12.5,Phase 3
2024-11-20,8,Category_2,60,66,6,10.0,Phase 3
2024-11-20,7,Category_2,78,72,6,7.69,Phase 3
2024-11-20,6,Category_2,65,55,10,15.38,Phase 3
2024-11-20,5,Category_1,60,46,14,23.33,Phase 3
2024-11-20,4,Category_1,34,38,4,11.76,Phase 3
2024-11-20,3,Category_1,56,33,23,41.07,Phase 3
2024-11-20,2,Category_1,56,33,23,41.07,Phase 3
2024-11-20,1,Category_1,58,37,21,36.21,Phase 3
2024-11-21,13,Category_3,83,91,8,9.64,Phase 3
2024-11-21,14,Category_3,92,93,1,1.09,Phase 3
2024-11-21,15,Category_3,112,114,2,1.79,Phase 3
2024-11-21,16,Category_4,117,104,13,11.11,Phase 3
2024-11-21,20,Category_4,138,121,17,12.32,Phase 3
2024-11-21,18,Category_4,123,112,11,8.94,Phase 3
2024-11-21,19,Category_4,127,127,0,0.0,Phase 3
2024-11-21,12,Category_3,85,90,5,5.88,Phase 3
2024-11-21,17,Category_4,109,113,4,3.67,Phase 3
2024-11-21,11,Category_3,109,107,2,1.83,Phase 3
2024-11-21,10,Category_2,100,78,22,22.0,Phase 3
2024-11-21,9,Category_2,99,72,27,27.27,Phase 3
2024-11-21,2,Category_1,47,30,17,36.17,Phase 3
2024-11-21,3,Category_1,56,33,23,41.07,Phase 3
2024-11-21,4,Category_1,61,70,9,14.75,Phase 3
2024-11-21,1,Category_1,80,36,44,55.0,Phase 3
2024-11-21,6,Category_2,50,53,3,6.0,Phase 3
2024-11-21,7,Category_2,76,55,21,27.63,Phase 3
2024-11-21,8,Category_2,77,61,16,20.78,Phase 3
2024-11-21,5,Category_1,55,46,9,16.36,Phase 3
2024-11-22,12,Category_3,95,80,15,15.79,Phase 3
2024-11-22,19,Category_4,114,120,6,5.26,Phase 3
2024-11-22,18,Category_4,145,154,9,6.21,Phase 3
2024-11-22,17,Category_4,144,145,1,0.69,Phase 3
2024-11-22,16,Category_4,119,104,15,12.61,Phase 3
2024-11-22,15,Category_3,109,102,7,6.42,Phase 3
2024-11-22,14,Category_3,119,111,8,6.72,Phase 3
2024-11-22,13,Category_3,95,96,1,1.05,Phase 3
2024-11-22,11,Category_3,96,83,13,13.54,Phase 3
2024-11-22,20,Category_4,87,124,37,42.53,Phase 3
2024-11-22,9,Category_2,77,66,11,14.29,Phase 3
2024-11-22,1,Category_1,46,24,22,47.83,Phase 3
2024-11-22,2,Category_1,47,32,15,31.91,Phase 3
2024-11-22,3,Category_1,57,33,24,42.11,Phase 3
2024-11-22,4,Category_1,56,44,12,21.43,Phase 3
2024-11-22,10,Category_2,57,72,15,26.32,Phase 3
2024-11-22,6,Category_2,61,49,12,19.67,Phase 3
2024-11-22,7,Category_2,90,54,36,40.0,Phase 3
2024-11-22,8,Category_2,97,78,19,19.59,Phase 3
2024-11-22,5,Category_1,70,59,11,15.71,Phase 3
2024-11-23,12,Category_3,107,103,4,3.74,Phase 3
2024-11-23,20,Category_4,134,148,14,10.45,Phase 3
2024-11-23,19,Category_4,129,145,16,12.4,Phase 3
2024-11-23,18,Category_4,134,146,12,8.96,Phase 3
2024-11-23,17,Category_4,125,139,14,11.2,Phase 3
2024-11-23,16,Category_4,139,134,5,3.6,Phase 3
2024-11-23,15,Category_3,133,130,3,2.26,Phase 3
2024-11-23,14,Category_3,114,120,6,5.26,Phase 3
2024-11-23,13,Category_3,111,108,3,2.7,Phase 3
2024-11-23,11,Category_3,97,97,0,0.0,Phase 3
2024-11-23,10,Category_2,126,132,6,4.76,Phase 3
2024-11-23,9,Category_2,94,90,4,4.26,Phase 3
2024-11-23,2,Category_1,56,84,28,50.0,Phase 3
2024-11-23,3,Category_1,71,56,15,21.13,Phase 3
2024-11-23,4,Category_1,69,60,9,13.04,Phase 3
2024-11-23,1,Category_1,55,48,7,12.73,Phase 3
2024-11-23,6,Category_2,69,76,7,10.14,Phase 3
2024-11-23,7,Category_2,89,83,6,6.74,Phase 3
2024-11-23,8,Category_2,98,88,10,10.2,Phase 3
2024-11-23,5,Category_1,72,70,2,2.78,Phase 3
2024-11-24,12,Category_3,100,101,1,1.0,Phase 3
2024-11-24,19,Category_4,164,140,24,14.63,Phase 3
2024-11-24,18,Category_4,129,135,6,4.65,Phase 3
2024-11-24,17,Category_4,144,129,15,10.42,Phase 3
2024-11-24,16,Category_4,119,128,9,7.56,Phase 3
2024-11-24,15,Category_3,113,116,3,2.65,Phase 3
2024-11-24,14,Category_3,134,120,14,10.45,Phase 3
2024-11-24,13,Category_3,125,118,7,5.6,Phase 3
2024-11-24,11,Category_3,104,99,5,4.81,Phase 3
2024-11-24,20,Category_4,132,152,20,15.15,Phase 3
2024-11-24,9,Category_2,107,94,13,12.15,Phase 3
2024-11-24,1,Category_1,55,48,7,12.73,Phase 3
2024-11-24,2,Category_1,60,51,9,15.0,Phase 3
2024-11-24,3,Category_1,66,55,11,16.67,Phase 3
2024-11-24,4,Category_1,78,62,16,20.51,Phase 3
2024-11-24,10,Category_2,85,90,5,5.88,Phase 3
2024-11-24,6,Category_2,79,70,9,11.39,Phase 3
2024-11-24,7,Category_2,81,75,6,7.41,Phase 3
2024-11-24,8,Category_2,99,89,10,10.1,Phase 3
2024-11-24,5,Category_1,92,71,21,22.83,Phase 3
2024-11-25,12,Category_3,86,87,1,1.16,Phase 3
2024-11-25,19,Category_4,143,119,24,16.78,Phase 3
2024-11-25,18,Category_4,131,123,8,6.11,Phase 3
2024-11-25,17,Category_4,130,104,26,20.0,Phase 3
2024-11-25,16,Category_4,121,111,10,8.26,Phase 3
2024-11-25,15,Category_3,115,98,17,14.78,Phase 3
2024-11-25,14,Category_3,109,97,12,11.01,Phase 3
2024-11-25,13,Category_3,91,89,2,2.2,Phase 3
2024-11-25,11,Category_3,81,79,2,2.47,Phase 3
2024-11-25,20,Category_4,130,124,6,4.62,Phase 3
2024-11-25,9,Category_2,99,101,2,2.02,Phase 3
2024-11-25,1,Category_1,60,26,34,56.67,Phase 3
2024-11-25,2,Category_1,44,28,16,36.36,Phase 3
2024-11-25,3,Category_1,67,33,34,50.75,Phase 3
2024-11-25,4,Category_1,60,40,20,33.33,Phase 3
2024-11-25,10,Category_2,84,75,9,10.71,Phase 3
2024-11-25,6,Category_2,69,54,15,21.74,Phase 3
2024-11-25,7,Category_2,81,61,20,24.69,Phase 3
2024-11-25,8,Category_2,77,62,15,19.48,Phase 3
2024-11-25,5,Category_1,80,49,31,38.75,Phase 3
2024-11-26,11,Category_3,87,78,9,10.34,Phase 3
2024-11-26,19,Category_4,126,124,2,1.59,Phase 3
2024-11-26,18,Category_4,126,117,9,7.14,Phase 3
2024-11-26,17,Category_4,167,147,20,11.98,Phase 3
2024-11-26,16,Category_4,114,113,1,0.88,Phase 3
2024-11-26,15,Category_3,116,99,17,14.66,Phase 3
2024-11-26,14,Category_3,112,111,1,0.89,Phase 3
2024-11-26,13,Category_3,104,86,18,17.31,Phase 3
2024-11-26,12,Category_3,101,85,16,15.84,Phase 3
2024-11-26,20,Category_4,142,134,8,5.63,Phase 3
2024-11-26,10,Category_2,90,74,16,17.78,Phase 3
2024-11-26,8,Category_2,71,61,10,14.08,Phase 3
2024-11-26,7,Category_2,81,61,20,24.69,Phase 3
2024-11-26,6,Category_2,54,48,6,11.11,Phase 3
2024-11-26,5,Category_1,54,44,10,18.52,Phase 3
2024-11-26,4,Category_1,59,38,21,35.59,Phase 3
2024-11-26,3,Category_1,64,37,27,42.19,Phase 3
2024-11-26,2,Category_1,61,28,33,54.1,Phase 3
2024-11-26,1,Category_1,75,27,48,64.0,Phase 3
2024-11-26,9,Category_2,90,99,9,10.0,Phase 3
2024-11-27,13,Category_3,110,90,20,18.18,Phase 3
2024-11-27,14,Category_3,117,94,23,19.66,Phase 3
2024-11-27,15,Category_3,124,107,17,13.71,Phase 3
2024-11-27,12,Category_3,95,84,11,11.58,Phase 3
2024-11-27,17,Category_4,139,119,20,14.39,Phase 3
2024-11-27,18,Category_4,124,114,10,8.06,Phase 3
2024-11-27,19,Category_4,120,125,5,4.17,Phase 3
2024-11-27,20,Category_4,124,123,1,0.81,Phase 3
2024-11-27,11,Category_3,75,75,0,0.0,Phase 3
2024-11-27,16,Category_4,129,110,19,14.73,Phase 3
2024-11-27,9,Category_2,74,70,4,5.41,Phase 3
2024-11-27,1,Category_1,66,22,44,66.67,Phase 3
2024-11-27,2,Category_1,49,32,17,34.69,Phase 3
2024-11-27,3,Category_1,55,36,19,34.55,Phase 3
2024-11-27,4,Category_1,65,40,25,38.46,Phase 3
2024-11-27,10,Category_2,120,111,9,7.5,Phase 3
2024-11-27,6,Category_2,63,52,11,17.46,Phase 3
2024-11-27,7,Category_2,70,61,9,12.86,Phase 3
2024-11-27,8,Category_2,102,64,38,37.25,Phase 3
2024-11-27,5,Category_1,46,44,2,4.35,Phase 3
2024-11-28,12,Category_3,104,79,25,24.04,Phase 3
2024-11-28,20,Category_4,144,137,7,4.86,Phase 3
2024-11-28,19,Category_4,127,124,3,2.36,Phase 3
2024-11-28,18,Category_4,107,117,10,9.35,Phase 3
2024-11-28,17,Category_4,121,116,5,4.13,Phase 3
2024-11-28,16,Category_4,106,104,2,1.89,Phase 3
2024-11-28,15,Category_3,83,94,11,13.25,Phase 3
2024-11-28,14,Category_3,96,103,7,7.29,Phase 3
2024-11-28,13,Category_3,94,88,6,6.38,Phase 3
2024-11-28,11,Category_3,102,81,21,20.59,Phase 3
2024-11-28,10,Category_2,84,93,9,10.71,Phase 3
2024-11-28,9,Category_2,87,69,18,20.69,Phase 3
2024-11-28,8,Category_2,80,61,19,23.75,Phase 3
2024-11-28,7,Category_2,66,56,10,15.15,Phase 3
2024-11-28,6,Category_2,58,49,9,15.52,Phase 3
2024-11-28,5,Category_1,59,48,11,18.64,Phase 3
2024-11-28,4,Category_1,60,39,21,35.0,Phase 3
2024-11-28,3,Category_1,47,35,12,25.53,Phase 3
2024-11-28,2,Category_1,55,30,25,45.45,Phase 3
2024-11-28,1,Category_1,58,38,20,34.48,Phase 3
2024-11-29,13,Category_3,95,94,1,1.05,Phase 3
2024-11-29,14,Category_3,95,96,1,1.05,Phase 3
2024-11-29,15,Category_3,117,110,7,5.98,Phase 3
2024-11-29,16,Category_4,104,100,4,3.85,Phase 3
2024-11-29,20,Category_4,86,123,37,43.02,Phase 3
2024-11-29,18,Category_4,166,153,13,7.83,Phase 3
2024-11-29,19,Category_4,153,137,16,10.46,Phase 3
2024-11-29,12,Category_3,88,107,19,21.59,Phase 3
2024-11-29,17,Category_4,130,119,11,8.46,Phase 3
2024-11-29,11,Category_3,84,75,9,10.71,Phase 3
2024-11-29,10,Category_2,103,77,26,25.24,Phase 3
2024-11-29,9,Category_2,61,71,10,16.39,Phase 3
2024-11-29,2,Category_1,52,31,21,40.38,Phase 3
2024-11-29,3,Category_1,66,37,29,43.94,Phase 3
2024-11-29,4,Category_1,62,40,22,35.48,Phase 3
2024-11-29,1,Category_1,42,25,17,40.48,Phase 3
2024-11-29,6,Category_2,86,60,26,30.23,Phase 3
2024-11-29,7,Category_2,77,57,20,25.97,Phase 3
2024-11-29,8,Category_2,89,91,2,2.25,Phase 3
2024-11-29,5,Category_1,78,79,1,1.28,Phase 3
2024-11-30,13,Category_3,128,110,18,14.06,Phase 3
2024-11-30,20,Category_4,152,147,5,3.29,Phase 3
2024-11-30,19,Category_4,158,139,19,12.03,Phase 3
2024-11-30,18,Category_4,176,167,9,5.11,Phase 3
2024-11-30,17,Category_4,131,131,0,0.0,Phase 3
2024-11-30,16,Category_4,135,128,7,5.19,Phase 3
2024-11-30,15,Category_3,129,127,2,1.55,Phase 3
2024-11-30,14,Category_3,130,115,15,11.54,Phase 3
2024-11-30,12,Category_3,115,105,10,8.7,Phase 3
2024-11-30,11,Category_3,101,100,1,0.99,Phase 3
2024-11-30,1,Category_1,58,45,13,22.41,Phase 3
2024-11-30,9,Category_2,139,118,21,15.11,Phase 3
2024-11-30,8,Category_2,93,82,11,11.83,Phase 3
2024-11-30,7,Category_2,86,79,7,8.14,Phase 3
2024-11-30,6,Category_2,81,72,9,11.11,Phase 3
2024-11-30,5,Category_1,61,69,8,13.11,Phase 3
2024-11-30,4,Category_1,61,64,3,4.92,Phase 3
2024-11-30,3,Category_1,69,60,9,13.04,Phase 3
2024-11-30,2,Category_1,80,50,30,37.5,Phase 3
2024-11-30,10,Category_2,103,105,2,1.94,Phase 3
2024-12-01,13,Category_3,157,114,43,27.39,Phase 3
2024-12-01,14,Category_3,155,121,34,21.94,Phase 3
2024-12-01,15,Category_3,155,121,34,21.94,Phase 3
2024-12-01,16,Category_4,163,135,28,17.18,Phase 3
2024-12-01,12,Category_3,122,103,19,15.57,Phase 3
2024-12-01,18,Category_4,176,147,29,16.48,Phase 3
2024-12-01,19,Category_4,169,145,24,14.2,Phase 3
2024-12-01,20,Category_4,178,149,29,16.29,Phase 3
2024-12-01,17,Category_4,162,131,31,19.14,Phase 3
2024-12-01,11,Category_3,119,97,22,18.49,Phase 3
2024-12-01,10,Category_2,120,94,26,21.67,Phase 3
2024-12-01,9,Category_2,135,96,39,28.89,Phase 3
2024-12-01,2,Category_1,71,50,21,29.58,Phase 3
2024-12-01,3,Category_1,100,82,18,18.0,Phase 3
2024-12-01,4,Category_1,89,61,28,31.46,Phase 3
2024-12-01,1,Category_1,60,47,13,21.67,Phase 3
2024-12-01,6,Category_2,103,77,26,25.24,Phase 3
2024-12-01,7,Category_2,106,80,26,24.53,Phase 3
2024-12-01,8,Category_2,108,90,18,16.67,Phase 3
2024-12-01,5,Category_1,103,72,31,30.1,Phase 3
2024-12-02,13,Category_3,148,108,40,27.03,Phase 3
2024-12-02,20,Category_4,170,156,14,8.24,Phase 3
2024-12-02,19,Category_4,159,140,19,11.95,Phase 3
2024-12-02,18,Category_4,127,116,11,8.66,Phase 3
2024-12-02,17,Category_4,152,107,45,29.61,Phase 3
2024-12-02,16,Category_4,126,108,18,14.29,Phase 3
2024-12-02,15,Category_3,118,97,21,17.8,Phase 3
2024-12-02,14,Category_3,116,97,19,16.38,Phase 3
2024-12-02,12,Category_3,101,80,21,20.79,Phase 3
2024-12-02,11,Category_3,112,82,30,26.79,Phase 3
2024-12-02,1,Category_1,66,48,18,27.27,Phase 3
2024-12-02,9,Category_2,84,73,11,13.1,Phase 3
2024-12-02,8,Category_2,86,66,20,23.26,Phase 3
2024-12-02,7,Category_2,80,60,20,25.0,Phase 3
2024-12-02,6,Category_2,74,62,12,16.22,Phase 3
2024-12-02,5,Category_1,77,49,28,36.36,Phase 3
2024-12-02,4,Category_1,73,44,29,39.73,Phase 3
2024-12-02,3,Category_1,38,36,2,5.26,Phase 3
2024-12-02,2,Category_1,48,40,8,16.67,Phase 3
2024-12-02,10,Category_2,114,79,35,30.7,Phase 3
2024-12-03,13,Category_3,126,95,31,24.6,Phase 3
2024-12-03,14,Category_3,132,103,29,21.97,Phase 3
2024-12-03,15,Category_3,100,98,2,2.0,Phase 3
2024-12-03,16,Category_4,128,104,24,18.75,Phase 3
2024-12-03,12,Category_3,114,91,23,20.18,Phase 3
2024-12-03,18,Category_4,145,134,11,7.59,Phase 3
2024-12-03,19,Category_4,143,123,20,13.99,Phase 3
2024-12-03,20,Category_4,193,154,39,20.21,Phase 3
2024-12-03,17,Category_4,145,118,27,18.62,Phase 3
2024-12-03,11,Category_3,111,94,17,15.32,Phase 3
2024-12-03,10,Category_2,91,73,18,19.78,Phase 3
2024-12-03,9,Category_2,93,65,28,30.11,Phase 3
2024-12-03,8,Category_2,102,67,35,34.31,Phase 3
2024-12-03,7,Category_2,100,57,43,43.0,Phase 3
2024-12-03,6,Category_2,88,60,28,31.82,Phase 3
2024-12-03,5,Category_1,65,45,20,30.77,Phase 3
2024-12-03,4,Category_1,64,42,22,34.38,Phase 3
2024-12-03,3,Category_1,67,38,29,43.28,Phase 3
2024-12-03,2,Category_1,59,30,29,49.15,Phase 3
2024-12-03,1,Category_1,52,25,27,51.92,Phase 3
2024-12-04,13,Category_3,117,92,25,21.37,Phase 3
2024-12-04,14,Category_3,115,90,25,21.74,Phase 3
2024-12-04,15,Category_3,142,131,11,7.75,Phase 3
2024-12-04,16,Category_4,137,115,22,16.06,Phase 3
2024-12-04,20,Category_4,149,124,25,16.78,Phase 3
2024-12-04,18,Category_4,130,111,19,14.62,Phase 3
2024-12-04,19,Category_4,149,121,28,18.79,Phase 3
2024-12-04,12,Category_3,121,88,33,27.27,Phase 3
2024-12-04,17,Category_4,145,111,34,23.45,Phase 3
2024-12-04,11,Category_3,95,79,16,16.84,Phase 3
2024-12-04,10,Category_2,109,69,40,36.7,Phase 3
2024-12-04,9,Category_2,83,67,16,19.28,Phase 3
2024-12-04,2,Category_1,54,30,24,44.44,Phase 3
2024-12-04,3,Category_1,53,39,14,26.42,Phase 3
2024-12-04,4,Category_1,64,41,23,35.94,Phase 3
2024-12-04,1,Category_1,64,27,37,57.81,Phase 3
2024-12-04,6,Category_2,75,51,24,32.0,Phase 3
2024-12-04,7,Category_2,75,58,17,22.67,Phase 3
2024-12-04,8,Category_2,95,60,35,36.84,Phase 3
2024-12-04,5,Category_1,81,77,4,4.94,Phase 3
2024-12-05,12,Category_3,107,84,23,21.5,Phase 3
2024-12-05,19,Category_4,130,125,5,3.85,Phase 3
2024-12-05,18,Category_4,148,117,31,20.95,Phase 3
2024-12-05,17,Category_4,135,120,15,11.11,Phase 3
2024-12-05,16,Category_4,112,102,10,8.93,Phase 3
2024-12-05,15,Category_3,105,96,9,8.57,Phase 3
2024-12-05,14,Category_3,125,103,22,17.6,Phase 3
2024-12-05,13,Category_3,112,91,21,18.75,Phase 3
2024-12-05,11,Category_3,124,94,30,24.19,Phase 3
2024-12-05,20,Category_4,146,123,23,15.75,Phase 3
2024-12-05,9,Category_2,90,72,18,20.0,Phase 3
2024-12-05,1,Category_1,39,24,15,38.46,Phase 3
2024-12-05,2,Category_1,62,29,33,53.23,Phase 3
2024-12-05,3,Category_1,70,37,33,47.14,Phase 3
2024-12-05,4,Category_1,90,43,47,52.22,Phase 3
2024-12-05,10,Category_2,115,112,3,2.61,Phase 3
2024-12-05,6,Category_2,92,64,28,30.43,Phase 3
2024-12-05,7,Category_2,113,89,24,21.24,Phase 3
2024-12-05,8,Category_2,97,61,36,37.11,Phase 3
2024-12-05,5,Category_1,75,47,28,37.33,Phase 3
2024-12-06,12,Category_3,107,86,21,19.63,Phase 3
2024-12-06,20,Category_4,190,169,21,11.05,Phase 3
2024-12-06,19,Category_4,124,115,9,7.26,Phase 3
2024-12-06,18,Category_4,116,112,4,3.45,Phase 3
2024-12-06,17,Category_4,131,113,18,13.74,Phase 3
2024-12-06,16,Category_4,141,102,39,27.66,Phase 3
2024-12-06,15,Category_3,120,95,25,20.83,Phase 3
2024-12-06,14,Category_3,121,100,21,17.36,Phase 3
2024-12-06,13,Category_3,101,88,13,12.87,Phase 3
2024-12-06,11,Category_3,117,86,31,26.5,Phase 3
2024-12-06,10,Category_2,108,70,38,35.19,Phase 3
2024-12-06,9,Category_2,112,72,40,35.71,Phase 3
2024-12-06,8,Category_2,99,62,37,37.37,Phase 3
2024-12-06,7,Category_2,81,57,24,29.63,Phase 3
2024-12-06,6,Category_2,97,82,15,15.46,Phase 3
2024-12-06,5,Category_1,81,59,22,27.16,Phase 3
2024-12-06,4,Category_1,72,44,28,38.89,Phase 3
2024-12-06,3,Category_1,65,35,30,46.15,Phase 3
2024-12-06,2,Category_1,63,29,34,53.97,Phase 3
2024-12-06,1,Category_1,74,24,50,67.57,Phase 3
2024-12-07,13,Category_3,124,113,11,8.87,Phase 3
2024-12-07,14,Category_3,143,122,21,14.69,Phase 3
2024-12-07,15,Category_3,152,118,34,22.37,Phase 3
2024-12-07,16,Category_4,170,138,32,18.82,Phase 3
2024-12-07,20,Category_4,188,146,42,22.34,Phase 3
2024-12-07,18,Category_4,177,152,25,14.12,Phase 3
2024-12-07,19,Category_4,162,148,14,8.64,Phase 3
2024-12-07,12,Category_3,121,103,18,14.88,Phase 3
2024-12-07,17,Category_4,176,137,39,22.16,Phase 3
2024-12-07,11,Category_3,140,99,41,29.29,Phase 3
2024-12-07,10,Category_2,111,95,16,14.41,Phase 3
2024-12-07,9,Category_2,121,91,30,24.79,Phase 3
2024-12-07,8,Category_2,127,105,22,17.32,Phase 3
2024-12-07,7,Category_2,117,83,34,29.06,Phase 3
2024-12-07,6,Category_2,93,75,18,19.35,Phase 3
2024-12-07,5,Category_1,87,67,20,22.99,Phase 3
2024-12-07,4,Category_1,87,66,21,24.14,Phase 3
2024-12-07,3,Category_1,84,79,5,5.95,Phase 3
2024-12-07,2,Category_1,72,53,19,26.39,Phase 3
2024-12-07,1,Category_1,79,45,34,43.04,Phase 3
2024-12-08,13,Category_3,168,140,28,16.67,Phase 3
2024-12-08,14,Category_3,175,145,30,17.14,Phase 3
2024-12-08,15,Category_3,169,127,42,24.85,Phase 3
2024-12-08,16,Category_4,149,134,15,10.07,Phase 3
2024-12-08,20,Category_4,222,173,49,22.07,Phase 3
2024-12-08,18,Category_4,171,138,33,19.3,Phase 3
2024-12-08,19,Category_4,174,144,30,17.24,Phase 3
2024-12-08,12,Category_3,142,105,37,26.06,Phase 3
2024-12-08,17,Category_4,164,131,33,20.12,Phase 3
2024-12-08,11,Category_3,128,107,21,16.41,Phase 3
2024-12-08,10,Category_2,148,99,49,33.11,Phase 3
2024-12-08,9,Category_2,127,94,33,25.98,Phase 3
2024-12-08,2,Category_1,73,50,23,31.51,Phase 3
2024-12-08,3,Category_1,81,57,24,29.63,Phase 3
2024-12-08,4,Category_1,105,65,40,38.1,Phase 3
2024-12-08,1,Category_1,59,49,10,16.95,Phase 3
2024-12-08,6,Category_2,87,76,11,12.64,Phase 3
2024-12-08,7,Category_2,114,82,32,28.07,Phase 3
2024-12-08,8,Category_2,125,99,26,20.8,Phase 3
2024-12-08,5,Category_1,76,70,6,7.89,Phase 3
2024-12-09,12,Category_3,116,89,27,23.28,Phase 3
2024-12-09,19,Category_4,196,162,34,17.35,Phase 3
2024-12-09,18,Category_4,146,120,26,17.81,Phase 3
2024-12-09,17,Category_4,159,116,43,27.04,Phase 3
2024-12-09,16,Category_4,170,132,38,22.35,Phase 3
2024-12-09,15,Category_3,123,99,24,19.51,Phase 3
2024-12-09,14,Category_3,118,100,18,15.25,Phase 3
2024-12-09,13,Category_3,109,94,15,13.76,Phase 3
2024-12-09,11,Category_3,110,82,28,25.45,Phase 3
2024-12-09,20,Category_4,141,125,16,11.35,Phase 3
2024-12-09,9,Category_2,80,73,7,8.75,Phase 3
2024-12-09,1,Category_1,56,23,33,58.93,Phase 3
2024-12-09,2,Category_1,62,51,11,17.74,Phase 3
2024-12-09,3,Category_1,90,67,23,25.56,Phase 3
2024-12-09,4,Category_1,79,53,26,32.91,Phase 3
2024-12-09,10,Category_2,116,80,36,31.03,Phase 3
2024-12-09,6,Category_2,81,54,27,33.33,Phase 3
2024-12-09,7,Category_2,94,59,35,37.23,Phase 3
2024-12-09,8,Category_2,79,76,3,3.8,Phase 3
2024-12-09,5,Category_1,103,57,46,44.66,Phase 3
2024-12-10,12,Category_3,139,109,30,21.58,Phase 3
2024-12-10,20,Category_4,177,132,45,25.42,Phase 3
2024-12-10,19,Category_4,132,120,12,9.09,Phase 3
2024-12-10,18,Category_4,124,115,9,7.26,Phase 3
2024-12-10,17,Category_4,152,120,32,21.05,Phase 3
2024-12-10,16,Category_4,136,110,26,19.12,Phase 3
2024-12-10,15,Category_3,130,96,34,26.15,Phase 3
2024-12-10,14,Category_3,150,113,37,24.67,Phase 3
2024-12-10,13,Category_3,108,89,19,17.59,Phase 3
2024-12-10,11,Category_3,131,82,49,37.4,Phase 3
2024-12-10,10,Category_2,101,104,3,2.97,Phase 3
2024-12-10,9,Category_2,120,68,52,43.33,Phase 3
2024-12-10,2,Category_1,54,30,24,44.44,Phase 3
2024-12-10,3,Category_1,71,36,35,49.3,Phase 3
2024-12-10,4,Category_1,72,40,32,44.44,Phase 3
2024-12-10,1,Category_1,63,46,17,26.98,Phase 3
2024-12-10,6,Category_2,81,56,25,30.86,Phase 3
2024-12-10,7,Category_2,85,57,28,32.94,Phase 3
2024-12-10,8,Category_2,85,68,17,20.0,Phase 3
2024-12-10,5,Category_1,75,49,26,34.67,Phase 3
2024-12-11,12,Category_3,125,79,46,36.8,Phase 3
2024-12-11,19,Category_4,150,135,15,10.0,Phase 3
2024-12-11,18,Category_4,134,117,17,12.69,Phase 3
2024-12-11,17,Category_4,124,116,8,6.45,Phase 3
2024-12-11,16,Category_4,151,115,36,23.84,Phase 3
2024-12-11,15,Category_3,112,103,9,8.04,Phase 3
2024-12-11,14,Category_3,163,123,40,24.54,Phase 3
2024-12-11,13,Category_3,105,89,16,15.24,Phase 3
2024-12-11,11,Category_3,108,74,34,31.48,Phase 3
2024-12-11,20,Category_4,138,121,17,12.32,Phase 3
2024-12-11,9,Category_2,88,69,19,21.59,Phase 3
2024-12-11,1,Category_1,54,34,20,37.04,Phase 3
2024-12-11,2,Category_1,79,39,40,50.63,Phase 3
2024-12-11,3,Category_1,63,36,27,42.86,Phase 3
2024-12-11,4,Category_1,57,41,16,28.07,Phase 3
2024-12-11,10,Category_2,94,74,20,21.28,Phase 3
2024-12-11,6,Category_2,107,87,20,18.69,Phase 3
2024-12-11,7,Category_2,88,59,29,32.95,Phase 3
2024-12-11,8,Category_2,112,100,12,10.71,Phase 3
2024-12-11,5,Category_1,91,65,26,28.57,Phase 3
2024-12-12,12,Category_3,106,81,25,23.58,Phase 3
2024-12-12,19,Category_4,154,129,25,16.23,Phase 3
2024-12-12,18,Category_4,137,117,20,14.6,Phase 3
2024-12-12,17,Category_4,146,130,16,10.96,Phase 3
2024-12-12,16,Category_4,135,105,30,22.22,Phase 3
2024-12-12,15,Category_3,121,103,18,14.88,Phase 3
2024-12-12,14,Category_3,122,110,12,9.84,Phase 3
2024-12-12,13,Category_3,109,89,20,18.35,Phase 3
2024-12-12,11,Category_3,109,86,23,21.1,Phase 3
2024-12-12,20,Category_4,145,130,15,10.34,Phase 3
2024-12-12,9,Category_2,87,66,21,24.14,Phase 3
2024-12-12,1,Category_1,60,24,36,60.0,Phase 3
2024-12-12,2,Category_1,69,31,38,55.07,Phase 3
2024-12-12,3,Category_1,81,35,46,56.79,Phase 3
2024-12-12,4,Category_1,81,40,41,50.62,Phase 3
2024-12-12,10,Category_2,103,77,26,25.24,Phase 3
2024-12-12,6,Category_2,83,51,32,38.55,Phase 3
2024-12-12,7,Category_2,79,63,16,20.25,Phase 3
2024-12-12,8,Category_2,96,65,31,32.29,Phase 3
2024-12-12,5,Category_1,99,48,51,51.52,Phase 3
2024-12-13,11,Category_3,98,84,14,14.29,Phase 3
2024-12-13,19,Category_4,137,121,16,11.68,Phase 3
2024-12-13,18,Category_4,127,111,16,12.6,Phase 3
2024-12-13,17,Category_4,133,113,20,15.04,Phase 3
2024-12-13,16,Category_4,149,126,23,15.44,Phase 3
2024-12-13,15,Category_3,119,102,17,14.29,Phase 3
2024-12-13,14,Category_3,118,91,27,22.88,Phase 3
2024-12-13,13,Category_3,104,85,19,18.27,Phase 3
2024-12-13,12,Category_3,119,90,29,24.37,Phase 3
2024-12-13,20,Category_4,158,132,26,16.46,Phase 3
2024-12-13,10,Category_2,122,92,30,24.59,Phase 3
2024-12-13,8,Category_2,83,64,19,22.89,Phase 3
2024-12-13,7,Category_2,86,56,30,34.88,Phase 3
2024-12-13,6,Category_2,78,55,23,29.49,Phase 3
2024-12-13,5,Category_1,78,45,33,42.31,Phase 3
2024-12-13,4,Category_1,83,43,40,48.19,Phase 3
2024-12-13,3,Category_1,68,37,31,45.59,Phase 3
2024-12-13,2,Category_1,55,33,22,40.0,Phase 3
2024-12-13,1,Category_1,52,36,16,30.77,Phase 3
2024-12-13,9,Category_2,93,73,20,21.51,Phase 3
2024-12-14,13,Category_3,141,118,23,16.31,Phase 3
2024-12-14,14,Category_3,145,124,21,14.48,Phase 3
2024-12-14,20,Category_4,231,170,61,26.41,Phase 3
2024-12-14,12,Category_3,147,104,43,29.25,Phase 3
2024-12-14,17,Category_4,159,138,21,13.21,Phase 3
2024-12-14,18,Category_4,181,147,34,18.78,Phase 3
2024-12-14,19,Category_4,186,147,39,20.97,Phase 3
2024-12-14,16,Category_4,156,123,33,21.15,Phase 3
2024-12-14,11,Category_3,109,97,12,11.01,Phase 3
2024-12-14,15,Category_3,156,124,32,20.51,Phase 3
2024-12-14,9,Category_2,123,88,35,28.46,Phase 3
2024-12-14,1,Category_1,75,48,27,36.0,Phase 3
2024-12-14,2,Category_1,71,51,20,28.17,Phase 3
2024-12-14,3,Category_1,81,56,25,30.86,Phase 3
2024-12-14,4,Category_1,90,61,29,32.22,Phase 3
2024-12-14,10,Category_2,131,99,32,24.43,Phase 3
2024-12-14,6,Category_2,102,71,31,30.39,Phase 3
2024-12-14,7,Category_2,108,76,32,29.63,Phase 3
2024-12-14,8,Category_2,136,110,26,19.12,Phase 3
2024-12-14,5,Category_1,97,70,27,27.84,Phase 3
2024-12-15,12,Category_3,131,104,27,20.61,Phase 3
2024-12-15,20,Category_4,161,145,16,9.94,Phase 3
2024-12-15,19,Category_4,178,153,25,14.04,Phase 3
2024-12-15,18,Category_4,184,133,51,27.72,Phase 3
2024-12-15,17,Category_4,171,134,37,21.64,Phase 3
2024-12-15,16,Category_4,212,161,51,24.06,Phase 3
2024-12-15,15,Category_3,155,140,15,9.68,Phase 3
2024-12-15,14,Category_3,140,126,14,10.0,Phase 3
2024-12-15,13,Category_3,136,109,27,19.85,Phase 3
2024-12-15,11,Category_3,131,100,31,23.66,Phase 3
2024-12-15,10,Category_2,108,98,10,9.26,Phase 3
2024-12-15,9,Category_2,104,86,18,17.31,Phase 3
2024-12-15,8,Category_2,127,106,21,16.54,Phase 3
2024-12-15,7,Category_2,116,83,33,28.45,Phase 3
2024-12-15,6,Category_2,113,105,8,7.08,Phase 3
2024-12-15,5,Category_1,89,71,18,20.22,Phase 3
2024-12-15,4,Category_1,85,63,22,25.88,Phase 3
2024-12-15,3,Category_1,93,59,34,36.56,Phase 3
2024-12-15,2,Category_1,78,65,13,16.67,Phase 3
2024-12-15,1,Category_1,70,47,23,32.86,Phase 3
2024-12-16,13,Category_3,113,99,14,12.39,Phase 3
2024-12-16,14,Category_3,94,93,1,1.06,Phase 3
2024-12-16,15,Category_3,138,106,32,23.19,Phase 3
2024-12-16,16,Category_4,117,102,15,12.82,Phase 3
2024-12-16,20,Category_4,157,125,32,20.38,Phase 3
2024-12-16,18,Category_4,148,118,30,20.27,Phase 3
2024-12-16,19,Category_4,162,148,14,8.64,Phase 3
2024-12-16,12,Category_3,126,98,28,22.22,Phase 3
2024-12-16,17,Category_4,133,114,19,14.29,Phase 3
2024-12-16,11,Category_3,94,76,18,19.15,Phase 3
2024-12-16,10,Category_2,125,94,31,24.8,Phase 3
2024-12-16,9,Category_2,134,104,30,22.39,Phase 3
2024-12-16,8,Category_2,96,59,37,38.54,Phase 3
2024-12-16,7,Category_2,83,56,27,32.53,Phase 3
2024-12-16,6,Category_2,77,53,24,31.17,Phase 3
2024-12-16,5,Category_1,81,47,34,41.98,Phase 3
2024-12-16,4,Category_1,71,53,18,25.35,Phase 3
2024-12-16,3,Category_1,74,35,39,52.7,Phase 3
2024-12-16,2,Category_1,52,52,0,0.0,Phase 3
2024-12-16,1,Category_1,51,24,27,52.94,Phase 3
2024-12-17,13,Category_3,125,95,30,24.0,Phase 3
2024-12-17,14,Category_3,129,102,27,20.93,Phase 3
2024-12-17,15,Category_3,118,98,20,16.95,Phase 3
2024-12-17,16,Category_4,139,108,31,22.3,Phase 3
2024-12-17,20,Category_4,152,130,22,14.47,Phase 3
2024-12-17,18,Category_4,131,112,19,14.5,Phase 3
2024-12-17,19,Category_4,181,152,29,16.02,Phase 3
2024-12-17,12,Category_3,128,92,36,28.12,Phase 3
2024-12-17,17,Category_4,141,112,29,20.57,Phase 3
2024-12-17,11,Category_3,119,78,41,34.45,Phase 3
2024-12-17,10,Category_2,107,78,29,27.1,Phase 3
2024-12-17,9,Category_2,87,64,23,26.44,Phase 3
2024-12-17,2,Category_1,58,39,19,32.76,Phase 3
2024-12-17,3,Category_1,61,39,22,36.07,Phase 3
2024-12-17,4,Category_1,69,43,26,37.68,Phase 3
2024-12-17,1,Category_1,43,23,20,46.51,Phase 3
2024-12-17,6,Category_2,95,63,32,33.68,Phase 3
2024-12-17,7,Category_2,109,62,47,43.12,Phase 3
2024-12-17,8,Category_2,89,62,27,30.34,Phase 3
2024-12-17,5,Category_1,64,47,17,26.56,Phase 3
2024-12-18,12,Category_3,90,86,4,4.44,Phase 3
2024-12-18,19,Category_4,174,134,40,22.99,Phase 3
2024-12-18,18,Category_4,147,125,22,14.97,Phase 3
2024-12-18,17,Category_4,175,136,39,22.29,Phase 3
2024-12-18,16,Category_4,129,108,21,16.28,Phase 3
2024-12-18,15,Category_3,112,97,15,13.39,Phase 3
2024-12-18,14,Category_3,119,99,20,16.81,Phase 3
2024-12-18,13,Category_3,123,94,29,23.58,Phase 3
2024-12-18,11,Category_3,120,75,45,37.5,Phase 3
2024-12-18,20,Category_4,149,127,22,14.77,Phase 3
2024-12-18,9,Category_2,104,67,37,35.58,Phase 3
2024-12-18,1,Category_1,49,25,24,48.98,Phase 3
2024-12-18,2,Category_1,67,32,35,52.24,Phase 3
2024-12-18,3,Category_1,60,37,23,38.33,Phase 3
2024-12-18,4,Category_1,62,51,11,17.74,Phase 3
2024-12-18,10,Category_2,102,75,27,26.47,Phase 3
2024-12-18,6,Category_2,84,52,32,38.1,Phase 3
2024-12-18,7,Category_2,80,57,23,28.75,Phase 3
2024-12-18,8,Category_2,90,65,25,27.78,Phase 3
2024-12-18,5,Category_1,81,60,21,25.93,Phase 3
2024-12-19,12,Category_3,103,86,17,16.5,Phase 3
2024-12-19,20,Category_4,150,143,7,4.67,Phase 3
2024-12-19,19,Category_4,176,144,32,18.18,Phase 3
2024-12-19,18,Category_4,157,126,31,19.75,Phase 3
2024-12-19,17,Category_4,132,118,14,10.61,Phase 3
2024-12-19,16,Category_4,127,112,15,11.81,Phase 3
2024-12-19,15,Category_3,108,99,9,8.33,Phase 3
2024-12-19,14,Category_3,115,102,13,11.3,Phase 3
2024-12-19,13,Category_3,120,90,30,25.0,Phase 3
2024-12-19,11,Category_3,117,83,34,29.06,Phase 3
2024-12-19,10,Category_2,123,93,30,24.39,Phase 3
2024-12-19,9,Category_2,84,65,19,22.62,Phase 3
2024-12-19,2,Category_1,70,30,40,57.14,Phase 3
2024-12-19,3,Category_1,82,38,44,53.66,Phase 3
2024-12-19,4,Category_1,67,39,28,41.79,Phase 3
2024-12-19,1,Category_1,50,27,23,46.0,Phase 3
2024-12-19,6,Category_2,67,52,15,22.39,Phase 3
2024-12-19,7,Category_2,75,60,15,20.0,Phase 3
2024-12-19,8,Category_2,93,85,8,8.6,Phase 3
2024-12-19,5,Category_1,94,67,27,28.72,Phase 3
2024-12-20,12,Category_3,107,93,14,13.08,Phase 3
2024-12-20,19,Category_4,152,119,33,21.71,Phase 3
2024-12-20,18,Category_4,144,113,31,21.53,Phase 3
2024-12-20,17,Category_4,128,113,15,11.72,Phase 3
2024-12-20,16,Category_4,167,143,24,14.37,Phase 3
2024-12-20,15,Category_3,108,100,8,7.41,Phase 3
2024-12-20,14,Category_3,132,89,43,32.58,Phase 3
2024-12-20,13,Category_3,127,101,26,20.47,Phase 3
2024-12-20,11,Category_3,108,83,25,23.15,Phase 3
2024-12-20,20,Category_4,145,133,12,8.28,Phase 3
2024-12-20,9,Category_2,101,81,20,19.8,Phase 3
2024-12-20,1,Category_1,46,26,20,43.48,Phase 3
2024-12-20,2,Category_1,90,53,37,41.11,Phase 3
2024-12-20,3,Category_1,62,55,7,11.29,Phase 3
2024-12-20,4,Category_1,73,44,29,39.73,Phase 3
2024-12-20,10,Category_2,136,106,30,22.06,Phase 3
2024-12-20,6,Category_2,99,67,32,32.32,Phase 3
2024-12-20,7,Category_2,106,84,22,20.75,Phase 3
2024-12-20,8,Category_2,98,76,22,22.45,Phase 3
2024-12-20,5,Category_1,94,66,28,29.79,Phase 3
2024-12-21,12,Category_3,136,102,34,25.0,Phase 3
2024-12-21,19,Category_4,162,149,13,8.02,Phase 3
2024-12-21,18,Category_4,168,140,28,16.67,Phase 3
2024-12-21,17,Category_4,185,151,34,18.38,Phase 3
2024-12-21,16,Category_4,157,125,32,20.38,Phase 3
2024-12-21,15,Category_3,162,131,31,19.14,Phase 3
2024-12-21,14,Category_3,131,119,12,9.16,Phase 3
2024-12-21,13,Category_3,165,127,38,23.03,Phase 3
2024-12-21,11,Category_3,112,101,11,9.82,Phase 3
2024-12-21,20,Category_4,181,144,37,20.44,Phase 3
2024-12-21,9,Category_2,90,86,4,4.44,Phase 3
2024-12-21,1,Category_1,83,47,36,43.37,Phase 3
2024-12-21,2,Category_1,87,50,37,42.53,Phase 3
2024-12-21,3,Category_1,87,67,20,22.99,Phase 3
2024-12-21,4,Category_1,92,63,29,31.52,Phase 3
2024-12-21,10,Category_2,128,94,34,26.56,Phase 3
2024-12-21,6,Category_2,82,75,7,8.54,Phase 3
2024-12-21,7,Category_2,129,89,40,31.01,Phase 3
2024-12-21,8,Category_2,113,97,16,14.16,Phase 3
2024-12-21,5,Category_1,96,67,29,30.21,Phase 3
2024-12-22,11,Category_3,114,95,19,16.67,Phase 3
2024-12-22,19,Category_4,193,153,40,20.73,Phase 3
2024-12-22,18,Category_4,168,140,28,16.67,Phase 3
2024-12-22,17,Category_4,167,128,39,23.35,Phase 3
2024-12-22,16,Category_4,160,125,35,21.88,Phase 3
2024-12-22,15,Category_3,144,118,26,18.06,Phase 3
2024-12-22,14,Category_3,137,115,22,16.06,Phase 3
2024-12-22,13,Category_3,140,117,23,16.43,Phase 3
2024-12-22,12,Category_3,156,131,25,16.03,Phase 3
2024-12-22,20,Category_4,185,156,29,15.68,Phase 3
2024-12-22,10,Category_2,167,131,36,21.56,Phase 3
2024-12-22,8,Category_2,105,88,17,16.19,Phase 3
2024-12-22,7,Category_2,107,78,29,27.1,Phase 3
2024-12-22,6,Category_2,101,73,28,27.72,Phase 3
2024-12-22,5,Category_1,105,72,33,31.43,Phase 3
2024-12-22,4,Category_1,85,61,24,28.24,Phase 3
2024-12-22,3,Category_1,63,68,5,7.94,Phase 3
2024-12-22,2,Category_1,70,53,17,24.29,Phase 3
2024-12-22,1,Category_1,60,48,12,20.0,Phase 3
2024-12-22,9,Category_2,108,89,19,17.59,Phase 3
2024-12-23,13,Category_3,139,94,45,32.37,Phase 3
2024-12-23,14,Category_3,120,96,24,20.0,Phase 3
2024-12-23,15,Category_3,127,104,23,18.11,Phase 3
2024-12-23,20,Category_4,162,142,20,12.35,Phase 3
2024-12-23,19,Category_4,127,124,3,2.36,Phase 3
2024-12-23,17,Category_4,134,117,17,12.69,Phase 3
2024-12-23,18,Category_4,152,123,29,19.08,Phase 3
2024-12-23,12,Category_3,96,85,11,11.46,Phase 3
2024-12-23,16,Category_4,110,106,4,3.64,Phase 3
2024-12-23,11,Category_3,112,83,29,25.89,Phase 3
2024-12-23,5,Category_1,57,43,14,24.56,Phase 3
2024-12-23,9,Category_2,94,66,28,29.79,Phase 3
2024-12-23,1,Category_1,81,27,54,66.67,Phase 3
2024-12-23,2,Category_1,85,62,23,27.06,Phase 3
2024-12-23,3,Category_1,72,47,25,34.72,Phase 3
2024-12-23,10,Category_2,87,71,16,18.39,Phase 3
2024-12-23,6,Category_2,71,55,16,22.54,Phase 3
2024-12-23,7,Category_2,65,56,9,13.85,Phase 3
2024-12-23,8,Category_2,109,92,17,15.6,Phase 3
2024-12-23,4,Category_1,61,42,19,31.15,Phase 3
2024-12-24,13,Category_3,122,108,14,11.48,Phase 3
2024-12-24,20,Category_4,176,144,32,18.18,Phase 3
2024-12-24,19,Category_4,148,120,28,18.92,Phase 3
2024-12-24,18,Category_4,131,117,14,10.69,Phase 3
2024-12-24,17,Category_4,130,105,25,19.23,Phase 3
2024-12-24,16,Category_4,128,107,21,16.41,Phase 3
2024-12-24,15,Category_3,133,97,36,27.07,Phase 3
2024-12-24,14,Category_3,119,97,22,18.49,Phase 3
2024-12-24,12,Category_3,119,79,40,33.61,Phase 3
2024-12-24,11,Category_3,116,99,17,14.66,Phase 3
2024-12-24,1,Category_1,48,24,24,50.0,Phase 3
2024-12-24,9,Category_2,91,66,25,27.47,Phase 3
2024-12-24,8,Category_2,94,66,28,29.79,Phase 3
2024-12-24,7,Category_2,97,56,41,42.27,Phase 3
2024-12-24,6,Category_2,78,52,26,33.33,Phase 3
2024-12-24,5,Category_1,85,68,17,20.0,Phase 3
2024-12-24,4,Category_1,66,41,25,37.88,Phase 3
2024-12-24,3,Category_1,80,71,9,11.25,Phase 3
2024-12-24,2,Category_1,54,42,12,22.22,Phase 3
2024-12-24,10,Category_2,139,97,42,30.22,Phase 3
2024-12-25,13,Category_3,116,105,11,9.48,Phase 3
2024-12-25,14,Category_3,139,98,41,29.5,Phase 3
2024-12-25,15,Category_3,112,102,10,8.93,Phase 3
2024-12-25,16,Category_4,139,104,35,25.18,Phase 3
2024-12-25,12,Category_3,117,90,27,23.08,Phase 3
2024-12-25,18,Category_4,130,111,19,14.62,Phase 3
2024-12-25,19,Category_4,168,141,27,16.07,Phase 3
2024-12-25,20,Category_4,192,156,36,18.75,Phase 3
2024-12-25,17,Category_4,135,108,27,20.0,Phase 3
2024-12-25,11,Category_3,145,118,27,18.62,Phase 3
2024-12-25,10,Category_2,111,78,33,29.73,Phase 3
2024-12-25,9,Category_2,113,72,41,36.28,Phase 3
2024-12-25,8,Category_2,81,60,21,25.93,Phase 3
2024-12-25,7,Category_2,77,54,23,29.87,Phase 3
2024-12-25,6,Category_2,74,60,14,18.92,Phase 3
2024-12-25,5,Category_1,64,44,20,31.25,Phase 3
2024-12-25,4,Category_1,73,40,33,45.21,Phase 3
2024-12-25,3,Category_1,64,70,6,9.38,Phase 3
2024-12-25,2,Category_1,58,30,28,48.28,Phase 3
2024-12-25,1,Category_1,73,48,25,34.25,Phase 3
2024-12-26,13,Category_3,139,125,14,10.07,Phase 3
2024-12-26,14,Category_3,141,98,43,30.5,Phase 3
2024-12-26,15,Category_3,109,98,11,10.09,Phase 3
2024-12-26,16,Category_4,140,109,31,22.14,Phase 3
2024-12-26,20,Category_4,151,134,17,11.26,Phase 3
2024-12-26,18,Category_4,149,123,26,17.45,Phase 3
2024-12-26,19,Category_4,145,123,22,15.17,Phase 3
2024-12-26,12,Category_3,111,82,29,26.13,Phase 3
2024-12-26,17,Category_4,165,140,25,15.15,Phase 3
2024-12-26,11,Category_3,93,77,16,17.2,Phase 3
2024-12-26,10,Category_2,101,80,21,20.79,Phase 3
2024-12-26,9,Category_2,90,68,22,24.44,Phase 3
2024-12-26,2,Category_1,55,31,24,43.64,Phase 3
2024-12-26,3,Category_1,85,37,48,56.47,Phase 3
2024-12-26,4,Category_1,56,42,14,25.0,Phase 3
2024-12-26,1,Category_1,36,26,10,27.78,Phase 3
2024-12-26,6,Category_2,77,51,26,33.77,Phase 3
2024-12-26,7,Category_2,82,61,21,25.61,Phase 3
2024-12-26,8,Category_2,96,66,30,31.25,Phase 3
2024-12-26,5,Category_1,83,58,25,30.12,Phase 3
2024-12-27,12,Category_3,102,86,16,15.69,Phase 3
2024-12-27,19,Category_4,137,120,17,12.41,Phase 3
2024-12-27,18,Category_4,139,116,23,16.55,Phase 3
2024-12-27,17,Category_4,136,111,25,18.38,Phase 3
2024-12-27,20,Category_4,143,128,15,10.49,Phase 3
2024-12-27,15,Category_3,133,102,31,23.31,Phase 3
2024-12-27,14,Category_3,110,95,15,13.64,Phase 3
2024-12-27,13,Category_3,120,94,26,21.67,Phase 3
2024-12-27,11,Category_3,113,85,28,24.78,Phase 3
2024-12-27,16,Category_4,133,103,30,22.56,Phase 3
2024-12-27,9,Category_2,111,76,35,31.53,Phase 3
2024-12-27,1,Category_1,75,46,29,38.67,Phase 3
2024-12-27,2,Category_1,67,50,17,25.37,Phase 3
2024-12-27,3,Category_1,69,37,32,46.38,Phase 3
2024-12-27,4,Category_1,64,43,21,32.81,Phase 3
2024-12-27,10,Category_2,102,72,30,29.41,Phase 3
2024-12-27,6,Category_2,83,51,32,38.55,Phase 3
2024-12-27,7,Category_2,92,61,31,33.7,Phase 3
2024-12-27,8,Category_2,86,64,22,25.58,Phase 3
2024-12-27,5,Category_1,78,46,32,41.03,Phase 3
2024-12-28,12,Category_3,127,110,17,13.39,Phase 3
2024-12-28,20,Category_4,181,142,39,21.55,Phase 3
2024-12-28,19,Category_4,185,147,38,20.54,Phase 3
2024-12-28,18,Category_4,152,146,6,3.95,Phase 3
2024-12-28,17,Category_4,162,130,32,19.75,Phase 3
2024-12-28,16,Category_4,176,156,20,11.36,Phase 3
2024-12-28,15,Category_3,169,135,34,20.12,Phase 3
2024-12-28,14,Category_3,166,130,36,21.69,Phase 3
2024-12-28,13,Category_3,130,107,23,17.69,Phase 3
2024-12-28,11,Category_3,137,103,34,24.82,Phase 3
2024-12-28,10,Category_2,97,98,1,1.03,Phase 3
2024-12-28,9,Category_2,131,97,34,25.95,Phase 3
2024-12-28,2,Category_1,79,49,30,37.97,Phase 3
2024-12-28,3,Category_1,97,60,37,38.14,Phase 3
2024-12-28,4,Category_1,85,62,23,27.06,Phase 3
2024-12-28,1,Category_1,69,48,21,30.43,Phase 3
2024-12-28,6,Category_2,88,71,17,19.32,Phase 3
2024-12-28,7,Category_2,95,77,18,18.95,Phase 3
2024-12-28,8,Category_2,135,93,42,31.11,Phase 3
2024-12-28,5,Category_1,113,79,34,30.09,Phase 3
2024-12-29,12,Category_3,128,107,21,16.41,Phase 3
2024-12-29,19,Category_4,181,144,37,20.44,Phase 3
2024-12-29,18,Category_4,169,137,32,18.93,Phase 3
2024-12-29,17,Category_4,162,141,21,12.96,Phase 3
2024-12-29,16,Category_4,174,135,39,22.41,Phase 3
2024-12-29,20,Category_4,169,150,19,11.24,Phase 3
2024-12-29,14,Category_3,204,157,47,23.04,Phase 3
2024-12-29,13,Category_3,145,119,26,17.93,Phase 3
2024-12-29,11,Category_3,122,102,20,16.39,Phase 3
2024-12-29,15,Category_3,159,140,19,11.95,Phase 3
2024-12-29,9,Category_2,121,93,28,23.14,Phase 3
2024-12-29,8,Category_2,107,81,26,24.3,Phase 3
2024-12-29,7,Category_2,91,80,11,12.09,Phase 3
2024-12-29,6,Category_2,110,98,12,10.91,Phase 3
2024-12-29,5,Category_1,89,69,20,22.47,Phase 3
2024-12-29,4,Category_1,87,60,27,31.03,Phase 3
2024-12-29,3,Category_1,87,90,3,3.45,Phase 3
2024-12-29,2,Category_1,67,51,16,23.88,Phase 3
2024-12-29,1,Category_1,51,45,6,11.76,Phase 3
2024-12-29,10,Category_2,135,97,38,28.15,Phase 3
2024-12-30,13,Category_3,110,91,19,17.27,Phase 3
2024-12-30,14,Category_3,120,94,26,21.67,Phase 3
2024-12-30,16,Category_4,150,103,47,31.33,Phase 3
2024-12-30,20,Category_4,201,159,42,20.9,Phase 3
2024-12-30,18,Category_4,138,119,19,13.77,Phase 3
2024-12-30,19,Category_4,141,124,17,12.06,Phase 3
2024-12-30,12,Category_3,103,85,18,17.48,Phase 3
2024-12-30,17,Category_4,150,128,22,14.67,Phase 3
2024-12-30,11,Category_3,115,81,34,29.57,Phase 3
2024-12-30,15,Category_3,127,96,31,24.41,Phase 3
2024-12-30,9,Category_2,77,72,5,6.49,Phase 3
2024-12-30,8,Category_2,93,65,28,30.11,Phase 3
2024-12-30,7,Category_2,86,55,31,36.05,Phase 3
2024-12-30,6,Category_2,74,56,18,24.32,Phase 3
2024-12-30,5,Category_1,73,50,23,31.51,Phase 3
2024-12-30,4,Category_1,62,40,22,35.48,Phase 3
2024-12-30,3,Category_1,71,34,37,52.11,Phase 3
2024-12-30,2,Category_1,54,32,22,40.74,Phase 3
2024-12-30,1,Category_1,58,25,33,56.9,Phase 3
2024-12-30,10,Category_2,125,109,16,12.8,Phase 3
2024-12-31,12,Category_3,114,88,26,22.81,Phase 3
2024-12-31,13,Category_3,106,87,19,17.92,Phase 3
2024-12-31,14,Category_3,121,98,23,19.01,Phase 3
2024-12-31,18,Category_4,150,124,26,17.33,Phase 3
2024-12-31,16,Category_4,146,118,28,19.18,Phase 3
2024-12-31,17,Category_4,123,106,17,13.82,Phase 3
2024-12-31,11,Category_3,96,91,5,5.21,Phase 3
2024-12-31,15,Category_3,111,106,5,4.5,Phase 3
2024-12-31,10,Category_2,109,72,37,33.94,Phase 3
2024-12-31,5,Category_1,65,43,22,33.85,Phase 3
2024-12-31,8,Category_2,87,65,22,25.29,Phase 3
2024-12-31,7,Category_2,86,58,28,32.56,Phase 3
2024-12-31,6,Category_2,100,71,29,29.0,Phase 3
2024-12-31,4,Category_1,62,44,18,29.03,Phase 3
2024-12-31,3,Category_1,63,33,30,47.62,Phase 3
2024-12-31,2,Category_1,68,30,38,55.88,Phase 3
2024-12-31,1,Category_1,53,25,28,52.83,Phase 3
2024-12-31,19,Category_4,152,121,31,20.39,Phase 3
2024-12-31,9,Category_2,99,66,33,33.33,Phase 3
2024-12-31,20,Category_4,140,130,10,7.14,Phase 3
